4498929	提子苹果汁主要食材青提，苹果分类饮料口味酸甜。提子苹果汁是一道由青提、苹果等做成的美食。原料青提250克，苹果100克，冰块。制法1、苹果去核，带皮切块。2、将苹果、青提、冰块一同放入榨汁机中榨汁，倒入杯中，加以装饰即可。	life
14148238	昻-个人诗词集2005作者_★气宇轩昻小说进度连载连载网站晋江文学城。《昻-个人诗词集2005》是一部连载于晋江文学网的散文诗集，作者是气宇轩昻。小说类型散文诗词内容简介是我2005年写的一些自己比较满意的诗和词 也许很肤浅 毕竟初出茅庐 如果在各位面前班门弄斧 请别见怪……	webfic
20789136	一、部门概况1.部门（单位）主要职能（1）制定和组织实施经济、科技和社会发展计划，制定资源开发技术改造和产业结构调整方案，组织指导好各业生产，搞好商品流通，协调好本乡与外地区的经济交流与合作，抓好招商引资，人才引进项目开发，不断培育市场体系，组织经济运行，	soc
21707484	审结日期2017年3月15日审理法院河南省获嘉县人民法院文件类型裁定书审理程序一审。赵三勇诉刘清亮等买卖合同纠纷案是2017年3月15日在河南省获嘉县人民法院审理的案件。案由民事、合同、无因管理、不当得利纠纷、合同纠纷、买卖合同纠纷权责关键词民商事、权责情节、民事责任规定、合同案例原文河南省获嘉县人民法院民事裁定书原告赵三勇。被告刘清亮。被告张晶。被告张忠福。原告赵三勇诉被告刘清亮、张晶、张忠福买卖合同纠纷一案，本院于20	soc
13590239	奴隶总裁别嚣张作者Mrs.酥糖小说进度连载连载网站小说阅读网。《奴隶总裁别嚣张》是小说阅读网连载的一部网络言情小说，作者是Mrs.酥糖。小说类型言情小说内容简介这个男人明明是送给她的奴隶,却枉顾她的意愿,对她强取豪夺!七日的强迫缠绵让她羞辱至极,却偏偏无力反抗!“苏家绝对不会就此倒下,留着苏家的血这是你逃脱不了的命运!”那个女人笑得艳若桃李,眼神疯狂而冷酷。她要逃走,逃离这被诅咒的命运!记	webfic
21141931	公司类型有限责任公司登记机关化州市工商行政管理局成立时间2006年10月17日发照时间2016年05月06日。化州市万通机动车驾驶员培训有限公司于2006年10月17日在化州市工商行政管理局登记成立。法定代表人余通洲，公司经营范围包括服务：一级普通机动车驾驶员培训（A1、A2、A3、B1、B2、C1、C2、C3、C4、D、E、F）等。企业信息	org
8756345	沧边村行政区类别村所属地区广东省清远市清新县浸潭镇人口2347人方言粤语。沧边村位于广东省清远市清新县浸潭镇，人口有2000余人，耕地1271亩。沧边村位于广东省清远市清新县浸潭镇北部，距离镇政府约30公里，人口2367人，耕地面积1271亩，办事处设在上围、秧地头之间。该村委会耕地广阔平坦，土壤肥沃，水源充足，是粮食的生产区。农业结构调整后，该村委会大量种植经济作物和蔬菜，效果较好。辖14条自然枯	poi
17808187	腹黑殿下别跑作者解语洛秋类型网络小说连载平台小说阅读网。《腹黑殿下别跑》是解语洛秋创作的网络小说，发表于小说阅读网。作品简介还有谁能比这位悲催帝更倒霉？执行任务时，因为一捆假冒劣质的钢丝绳从150楼坠下，来到了那啥的阴曹地府，遇上了帅哥阎王。啥米？？地府也有抽奖，她还抽了个一等奖：古代大小姐一生游...但米有这么不厚道的，为啥米是魂穿在一个丞相府一个有名无实的草包小姐身	webfic
19045986	软件名称Fun magma软件平台Android软件大小10.5M价格免费。《Fun magma》是一款Android平台的应用。应用介绍一款非常有趣的游戏，游戏的目标就是将黄金保留在最后的平台上，不能掉进岩浆。游戏的画面十分不错，而且背景音效也是十分出众，游戏有多个关卡供玩家挑战，喜欢的朋友千万不要错过哦，和你的小伙伴比比看吧。支持版本2.2及以上	sci
789023	书名CI原理与实务作者饶德江ISBN7307035774页数242页出版社武汉大学出版社出版时间2004-1开本32开。《CI原理与实务》是2004年武汉大学出版社出版的图书，作者是饶德江。本书内容包括CI概论、CI的构成分析、CI与品牌理论、CI的文化观照、CI的社会学思考、企业品牌家族形象设计、策划方案的实施等。目录第一章 CI概论一 CI的涵义二 CI的兴起与发展三 CI的实质四 CI与复杂科学第二章 CI的构成分析一 经营理念二 文化特色三 企业行为四 视觉符号五 听觉符号六 公众评价第三章 CI与品牌理论一 CI与品牌形象理论二 CI与品牌个性理论三 CI与	pub
16882352	经营娱乐场3游戏类型模拟经营游戏平台PC发行日期2011-08-04。《经营娱乐场3》是一款模拟经营类网页游戏。游戏介绍你喜欢当一名商人吗？让我们在这块人来人往的街道上建立一些娱乐场所一定很赚钱的，快来试看看吧！游戏目标合理的购买道具，成功的经营娱乐场吧！操作指南鼠标点击游戏下方的各种道具进行经营。	sci
19174453	喜羊羊与灰太狼之奇思妙想喜羊羊的约会游戏类型益智小游戏游戏大小613.82 KB。喜羊羊与灰太狼之奇思妙想喜羊羊的约会：是一款非常好玩的喜羊羊益智小游戏。喜羊羊与美羊羊恋爱了(*^__^*) 嘻嘻……，现在喜羊羊想要与美羊羊约会，然而它们之间却隔着无法突破的阻隔，你要帮助喜羊羊与美羊羊绕过这些阻隔走到一起，约会成功。有时间限制，不要迟到1游戏性质《喜羊羊与灰太狼之奇思妙想喜羊羊的约会》是“益智”类游戏的一个flash小游戏，flash小游戏是一种通过Flash软件和 Flash 编程语言Flash ActionScript 制作而成的SWF格式小游戏，只是能上网打开网页15到30秒即可玩	sci
22702126	公司性质有限责任公司(自然人投资或控股)成立时间2017年07月10日登记机关合肥市蜀山区市场监督管理局。安徽鼻帮生物科技有限公司于2017年07月10日成立。法定代表人黄芳芳,公司经营范围包括：生物制品、预包装食品研发、销售；日用百货销售；水产品冷冻销售；连锁店加盟运营管理等。	org
7608278	书名踏勘商业中国作者 仲伟志ISBN9787543669604出版社青岛出版社。《踏勘商业中国》是由作者 仲伟志编写，青岛出版社出版的书籍。图书信息出版时间：2011-02-01版　次：1页　数：219装　帧：平装开　本：16开所属分类：图书 > 经济 > 中国经济内容简介地理大发现带来了经济的急剧扩张，使西欧工商业得到空前发展，加速了社会经济变革，进而影响了整个世界。本书将基于中国本土进行新	pub
13360091	拽公主的冰山王子作者Dinah雅类型都市言情连载状态已完结。《拽公主的冰山王子》是一部都市言情类小说，作者是Dinah雅。内容简介白天与黑夜饰演者不同角色的云雨沫,就像一个,受了控制的傀儡。白天的她,温柔甜美。夜晚的她,嗜血妖娆。她,是一个善变的人。面对爱情不肯敞开自己的心胸,因为,她怕,她怕自己像自己的姐姐一样,被爱情蛊惑,带着怨恨走向死亡的彼岸……	webfic
13833761	多少柔情多少泪所属专辑龙腔雅韵2-新京文发行时间2008年11月演唱者龙飘飘。《多少柔情多少泪》是龙飘飘演唱的一首歌曲，由F.Wise/B.Wiseman J.Lloyd谱曲，雨牛填词。收录于龙腔雅韵2-新京文专辑中。歌词多少柔情多少泪曲 : F.Wise/B.Wiseman J.Lloyd 词 : 雨牛龙飘飘多少柔情多少泪往事如烟去不回想起过去多少欢乐如今已随流水多少柔情多少泪良辰美景去不回剩下一片迷离梦境梦醒时更悲哀爱情的梦 爱情的梦如今已消逝爱情的花 爱情的花如今	play
3060469	TCL L40M61F屏幕尺寸40英寸分辨率1920*1080屏幕比例16:9画中画：双Tuner/多画面。TCL L40M61F是一款由著名品牌TCL公司生产的电子产品，型号为 L40M61F。重要参数屏幕尺寸：40英寸分辨率：1920*1080屏幕比例：16:9画中画：双Tuner/多画面待机功耗：小于1W外观设计：M61外观由著名的TTE全球设计团队...机身尺寸：1058*115.5*710.6(不带底座)1058...其它特点：DDHDI	life
12818201	布衣公主作者紫云风清小说进度连载连载网站潇湘书院。《布衣公主》是潇湘书院网络小说，作者紫云风清。小说类型穿越架空内容简介皇宫大院的庆典上,她突如其来的现身救了备受宠爱的贵妃娘娘,从此被引入了皇权的纠纷中;武林大会上,她突然出现救下了天下第一庄的庄主,而后被扯进无数的武林纠纷中;高堂庙宇,江湖武林,见过她的人很多,恋上她的人更多,可她飘忽的脚步不曾停下	webfic
13907023	符天大陆作者孤独只为文字小说进度连载连载网站17k小说网。《符天大陆》是连载于17k小说网的东方玄幻小说，作者是孤独只为文字。小说类型东方玄幻内容简介新的路途,新的开始。符天大陆新的格局,新的一代天骄横空出世!带领人类一起对抗魔人!见证!	webfic
10751214	辛峰国籍中国民族汉族出生日期1962年4月职业教授,博士生导师性别男。辛峰，男，汉族，1962年4月出生，博士研究生学位，天津大学化工学院化学工程系主任，教授，博士生导师。中国化工学会会员，化学反应工程与工艺期刊编委会成员。2004年国家精品课程《反应工程》负责人。主要经历1.教育背景1980-1984：在天津大学化学工程系化学工程专业接受本科教育，获工学学士学位1984-1987：在天津大学化学工程系化学工程专业接受研究生教育，获工学硕士学位1993-1996：在天津大学化学工程系化学工程专业接受研究生教育，获工学	human
4372865	雷柏N1160鼠标鼠标接口：USB+PS/2连接方式：有线工作方式：光电。雷柏N1160鼠标是一款经济实用鼠标，鼠标颜色，黑色，2010年上市。重要参数连接方式：有线工作方式：光电鼠标接口：USB+PS/2最高分辨率：1000dpi鼠标大小：普通鼠适用类型：经济实用按键数：3个滚轮方向：双向滚轮人体工学：对称设计系统支持：Windows 7，Windows Vista，Wind...鼠标颜色：黑色	life
20103855	书名浴火重生：来自日本关于如何激励员工支持企业变革的财经小说作者清水辉幸原版名称事業再生プロフェッショナル——6カ月で収益力が飛躍的に改善する类别励志书籍定价38.50元出版社企业管理出版社出版出版时间2011年9月。黑泽陶瓷株式会社是一家有着八十年历史的陶瓷公司，内部利益角逐等原因让这个原本充满活力的公司变得死气沉沉。年轻的黑泽社长想要打破这个局面。杉江的到来似乎在搅动公司以往的“平静”……可是，他只是公司请来的咨询顾问，他对公司的了解有多少？他有能力去推动公司变革吗内容简介这是一个日本“老企业”浴火重生的商业故事，也是一位咨询顾问成功指导企业变革的真实体验，还是一部对企业员工具有教育和启发意义的激励指南。对于所有想成为百年企业的企业家、咨询顾问以及期望长寿的职场精英们来说，本故事很值得一读。作品目录浴火重生序言——怎	pub
9179013	GP生态水沟，一种集公路排水、污水处理、二氧化碳减排、景观绿化和生态修复为一体的公路用工程生态产品，GP生态水沟采用植生混凝土一次性铺装，借助附着在植生混凝土之上的草被，对污水进行吸附、沉淀、阻截和渗透，一条100 米长的GP水沟可去除约80%的总悬浮物、	other
14868260	中护军的快乐新年-三国周赵+周瑜中心作者fayi小说进度已完结连载网站晋江文学城。小说类型古色古香内容简介他,两代吴侯的得力谋臣。 他,江东人民心中的憧憬。 身为指挥江东三军的中护军,他岂甘拜下风?读在下的悲文胸中郁郁?不妨一览此文,但求博君一笑……	webfic
12527505	植物有哪些相同特点出处教科版小学科学三内容植物的介绍词条类型课文。《植物有哪些相同特点》是教科版小学科学三上册，料学里的第七单元的[植物]。教材图片教材简析本单元所选择的植物有大树和小草，这时形态的差别；有水生植物和陆生植物，这是生长环境的差别。这个差别造成了植物个体的多样性，但是，不管植物的个体多么不同，它们都是有生命的，都是有着共同特征的生命体。通过探寻植物的共同特征，让学生深入认识生命体	other
694297	洛建LSS1901压路机前轮静线载荷437振动频率28名义振幅2.0/1.0。是中国一拖集团股份有限公司下属的独立法人子公司，是以生产中小型（0.25～12T）压路机为主的专业生产厂洛建简介洛建LSS1901压路机洛建LSS1901压路机洛建企业一拖（洛阳）建工机械有限公司。全国免检产品，连续多年来，市场占有率行业第一。产品出口亚、非、欧、美等国家和地区，06年达160余台。 洛建是中国第一台压路机的诞生地，也是中国压实机械的发祥地，	other
21044510	公司类型有限责任公司登记机关大庆市让胡路区市场监督管理局成立时间2014年11月19日发照时间2015年07月06日。大庆卓骏石油机械设备有限公司于2014年11月19日在大庆市让胡路区市场监督管理局登记成立。法定代表人姜士超，公司经营范围包括销售：机械设备及配件，汽车配件，润滑油，建筑材料等。企业信息	org
17068135	火腿清炒孢子甘蓝主要食材火腿,孢子（球芽）甘蓝（Brussels sprouts）分类炒。用料材料　　火腿孢子（球芽）甘蓝（Brussels sprouts）盐油葱姜做法1. 用材很简单的蔬菜一道，是我从美国妈妈这里学来的极少数可以端上中国人餐桌的菜。很清新，味道很到位~哈哈2. 烧一锅开水将洗净的Brussels sprouts清酌，三分钟后	life
13932763	最后还是在一起作者卫如言小说进度已完结连载网站17k小说网。小说类型恩怨情仇内容简介进入大学生活的方节子还不能够忘记最初的爱,而在这个地方却有一个与那人长相很像的男生,他们的缘分会是怎样呢?而一直憎恨的母亲,曾经的真相又是怎样呢?最后的最后,我们会在一起吗?	webfic
6243696	书名钱学森的大师风范作者王春河ISBN978-7-5159-0111-4出版社中国宇航出版社出版出版时间2011年11月。《钱学森的大师风范》作者是王春河，是中国宇航出版社出版2011年11月出版的书籍。内容简介本书是一本访谈录，课题组采访了与钱学森有直接接触的100余名航天界的老领导、老专家、科技人员和管理工作者，对录音进行整理、筛选、辑录成书。100余名被访者所谈话题，或听钱学森讲授火箭导弹知识，或在科研生产中钱学森指导攻关夺隘，或钱学森在试验现场决策	pub
9844383	素炒粉丝材料粉丝（已泡开）、黑木耳调料盐、鸡精方法摘要将已泡开的粉丝，捞出待用。材料：粉丝（已泡开）、黑木耳（已泡发）、油豆角、胡萝卜（半根）调料：盐、鸡精制作方法（1）将已泡开的粉丝，捞出待用。（2）将已泡发的黑木耳去根洗净捞出，放在案板上切成丝，待用。（3）将油豆角摘洗干净捞出，放在案板上切成丝，待用。（4）将胡萝卜洗净去皮，放在案板上切成丝，待用。（5）随后，再将黑木耳、油豆角和胡萝卜下入沸水中焯至断生	other
9223667	书名做人三势出版社华文出版社出版时间2006年1月1日开本32。《做人三势》是2006年1月1日华文出版社出版的图书，本书告诉你成功的要诀在于做人三势：借势、谋势、造势。图书信息出版社: 华文出版社; 第1版 (2006年1月1日)平装: 302页正文语种: 简体中文开本: 32ISBN: 7507519570条形码: 9787507519570商品尺寸: 21 x 14.9 x 1.3 cm商品重量: 299 gASIN	pub
9343961	类脂组liptinite学科煤地质学解释褐煤的一种组分组领域能源范围炼焦化工。类脂组是褐煤的一种组分组。它与硬煤中的壳质组相当，一般与壳质组通用，但较硬煤壳质组所含的组分种类更多，如国际煤岩学委员会褐煤显微组分分类的类脂组就比其硬煤分类的壳质组多出木栓质体、叶绿素体和沥青质体三种组分。简介类脂组是指褐煤的一种组分组。它与硬煤中的壳质组相当，一般与壳质组通用，但较硬煤壳质组所含的组分种类更多，如国际煤岩学委员会褐煤显微组分分类的类脂组就比其硬煤分类的壳质组多出木栓质体、叶绿素体和沥青质体三种组分。木栓质体、叶绿素体和沥青质体木栓质体由多层	other
14956320	比安查花园公寓Bianca's Garden Apartment地理位置长滩岛码头S3区酒店星级2星级。比安查花园公寓位于长滩岛，是家2星级酒店。酒店地址Station 3 Ambulong, 3号站, 长滩岛, 菲律宾周围景观白沙滩、丁威德海滩、水晶岛、卡提克兰机场 、圣母岩礁、卢霍山、长滩岛蝙蝠洞、巴林海海滩、布拉波海滩交通信息酒店交通比较方便，以各主要景点的距离如下：白沙滩:步行20分钟，或打	poi
23313729	简介上海市浦东新区科技和经济委员会，是上海市浦东新区人民政府工作部门。	ins
16396757	书名中国审判指导丛书:立案工作指导作者景汉朝 最高人民法院立案一庭出版日期2014年5月1日语种简体中文ISBN9787510904011Guide on Case-Filing出版社人民法院出版社页数241页开本16。《中国审判指导丛书:立案工作指导(2013年第3辑·总第38辑)》介绍如何以扎实有效的措施突破改革中的“瓶颈”问题，推动改革顺利前进是当前人民法院面临的一项重要课题。全书在“理论与实践探索”一栏刊登了《对构建人民法院网上受理信访制度的几点思考》《涉诉信访工内容简介《中国审判指导丛书:立案工作指导(2013年第3辑·总第38辑)》由最高人民法院审判监督庭编，最高人民法院副院长景汉朝任主编。力图勾画近期涉诉信访改革的工作方向和工作目标。图书目录【工作动态】 　　在调研立案信访工作时的讲话 　　【理论与实践探索】	pub
16848028	欠你的情歌歌曲原唱张晓星填词张晓星谱曲张晓星。《欠你的情歌》是张晓星演唱的一首歌曲，由张晓星谱曲，张晓星填词。歌曲信息欠你的情歌　　作词：张晓星　　作曲：张晓星　　编曲：张晓星　　演唱：张晓星歌曲歌词hey 宝贝 已经凌晨了 怎么还不睡　　离开了我的生活 是否会更美　　离开你以后 oh我变得好累　　不知道生活 为什么这么疲惫　　我想了很多可能还没跟你说　　没你的生	play
18116482	时空工作者作者爆炒仙人掌连载平台晋江文学网。《时空工作者》是爆炒仙人掌创作的网络小说，发表于晋江文学网。作者爆炒仙人掌作品简介旁人穿越的都是去古代，江城穿越满次元乱窜。旁人穿越后轰轰烈烈，建功立业成大事，他江城穿越后要在阎王爷手中偷出命来，死里逃生，身旁为伴的只有一个腹黑的面瘫导师。细数他这悲催奇幻的一生，说多了都是泪！面瘫导师了不得，出的了厅堂，下得了战场	webfic
9781259	纪新青国籍中国出生地山东青岛出生日期1965年。纪新青，女，山东青岛人，生于1965年。山东农业大学文法学院行政管理系主任、教授，公共管理专业硕士点导师，上海交通大学法学硕士，中国行政管理学会会员，2010年被泰安市政府聘为首批应急管理专家组成员。为本科生开设当代中国政治制度、公共关系学、公务员面试、社个人简介学术研究多年来从事政府公共危机管理、政府形象塑造、公务员面试、社交礼仪的教学与研究，先后应邀为泰安市工商银行、泰安市法院、宁阳县党校、蒙牛等政府、企事业单位进行公共危机管理、政府形象塑造、礼仪等方面的培训和讲座，受到广泛赞誉与好评。科研方向：公共危	human
4498493	郝红军民族汉族出生地河南商水出生日期1962年11月。郝红军，男，汉族，1962年11月出生，河南商水人，中共党员，双学士，副教授。现新乡医学院党委副书记。人物履历1985年河南医科大学临床医学专业本科毕业，获医学学士学位。1989年清华大学社会科学系毕业，获法学学士学位。郑州航空工业管理学院副院长、党委委员。新乡医学院党委副书记。免职信息2016年6月7日下午，郑州航空工业管理学院在东校区图书馆第二报告厅举	human
1141326	书名微风中的狮子译者艾茗出版社新星出版社出版时间2013-3。《微风中的狮子》是2013年3月由新星出版社出版的图书，作者是吉泽惠子。本书主要讲述了动物园里的一只狮子和开游览车的老爷爷之间温暖、奇幻的感人故事。基本信息页数: 48定价: 28.00元装帧: 精装ISBN: 9787513310550内容简介《暖房子国际精选绘本:微风中的狮子》为读者讲述了一个温暖、奇幻的动人故事。动物园里有一只狮子，他性格暴躁，因而被关在笼子里。开游览车的老爷爷为狮子种下一棵柳树	pub
5408357	程序名称CSRSS出品者Microsoft Corp常见错误未知N/A内存使用未知N/A介　绍是用户模式Win32子系统的一部分危害桌面图标无法删除等六个危害。csrss.exe是微软客户端/服务端运行时子系统。该进程管理Windows图形相关任务。这个程序对你系统的正常运行是非常重要的。不过，csrss.exe也有可能是W32.Netsky.AB@mm、W32.Webus Trojan、Win32.Ladex.简要介绍本进程的主要是控制图形子系统、负责管理线程，并执行MS-DOS环境的图形窗口及其他某些部分。这是一个重要的进程，他会随系统的启动而自动开启并一直运行。在大多数情况下它是安全的，你不应该将其终止；但也有与其类似的病毒出现。描述出品者： Microso	other
20622145	张光发国籍中国出生地安徽省庐江县逝世日期1942性别男。人物信息性别：男籍贯：安徽省庐江县政治面貌：党员出生日期：生前情况生前部队：0生前职位：战士立功情况：牺牲情况牺牲时间：1942牺牲战役：牺牲牺牲地点：0安葬地：	human
6550374	进退触篱出处《禅真后史》。前进后退都有障碍，指进退两难。同“进退触籓”。成语解释【名称】进退触篱【拼音】jìn tuì chù lí【解释】前进后退都有障碍，指进退两难。同“进退触籓”。成语典故【出处】明·方汝浩《禅真后史》第44回：“进退触篱，实维难处。”词语辨析【近义词】： 进退两难、进退触藩、进退跋疐【用法】： 作谓语、	cul
3192059	虚照禅师国籍中国出生地辽州出生日期1165逝世日期1252职业僧人。释弘明（1165-1252），俗姓申，自号虚照，祖籍辽州，元代邢州天宁寺住持。虚照禅师生前行尊号“大比丘”时人称“再世惠能”。1238年受邀主持邢台天宁寺，以深厚的佛学，使得邢州“檀施云集”，后听说刘秉忠入全真教苦修，爱其才，招致为僧，赐号“子聪”，命刘秉忠为邢台天宁寺的掌书记，后推荐其和海云禅师一起晋见忽必烈，从而成为元代开国重臣	human
16467609	书名传世珍藏经典书香:世界著名童话出版社哈尔滨出版社页数140页开本16作者崔钟雷出版日期2012年12月1日语种简体中文ISBN9787548411741, 754841174X。《传世珍藏经典书香:世界著名童话》介绍了《格林童话》是格林兄弟搜集、整理完成的德国民间文学，是世界童话宝库中的经典之作。《传世珍藏经典书香:世界著名童话》收录的都是格林童话中的经典佳作，以快乐阅读为出发点，旨在启迪孩子的智慧、净化孩子的心灵，让孩子领悟童话内容简介《传世珍藏经典书香:世界著名童话》开本时尚大方、图片精美、文字精准，我们旨在用认真的精神制作经典图书，用经典的内容打动孩子。愿《传世珍藏经典书香:世界著名童话》成为孩子书架上的精品，成为孩子记忆中值得回味的经典，愿《传世珍藏经典书香:世界著名童话》	pub
10419245	农业科技参考语言中文类别科学主办单位河南省农科院农业经济与信息研究中心。《农业科技参考》根据领导用户的需求，突出反映农业发展中出现的新情况、新问题、新思想、新举措，突出反映农业生产中创造出的新技术及典型经验，重点报道上级领导及有关专家关于农业经济发展的指导性意见、国内外农业科技发展动态信息，省内外农业经济发展动态信息。百科名片本刊宏观性、权威性、时效性强，新颖性突出，受到各级领导用户的欢迎和高度评价，在领导决策和管理中发挥了启迪作用，指导作用，参考作用和借鉴作用，是各级主管农业领导的好帮手。欢迎有关领导和科技工作者及相关读者对本刊提出宝贵意见。详情主 办： 河南省农科院	other
1902723	虾仁白菜羹无主要食材米适量，虾仁适量配料小白菜适量，盐，姜片。虾仁白菜羹是一道由米、虾仁等食材制成的食品。材料米适量，虾仁适量，小白菜适量，盐，姜片做法粥要煲出米花的效果，最好将米提前泡几个小时，上面滴点油。这是一个香港朋友告诉我的方法。用一般的东北米就可以了。煮粥的时候，泡米的水不用倒掉，一起煮。虾仁去掉虾线，洗净。洒少许盐，和姜片一起腌着。选用小白菜的叶子	life
21797631	审结日期2017年2月24日审理法院上海市浦东新区人民法院文件类型判决书审理程序一审。上汽通用汽车金融有限责任公司诉李莉婷等金融借款合同纠纷案是2017年2月24日在上海市浦东新区人民法院审理的案件。案由金融借款合同纠纷、借款合同纠纷、合同纠纷、合同、无因管理、不当得利纠纷、民事权责关键词折价、变卖、拍卖、迟延履行金、执行、缺席判决、简易程序、诉讼请求、审判程序、证明、证据、第三人、诉讼参加人（当事人和诉讼代理人）、诉讼关键词、合同约定、免责事由、合同	soc
24248616	王翠华，滁州明光市泊岗乡新淮村村民。人物事迹22年如一日悉心照料流浪痴呆老人、无私奉献诠释人间大爱。所获荣誉滁州明光市泊岗乡新淮村村民王翠华入选2019年11月份“安徽好人”。	human
19246283	滁州定远公交7路。滁州定远7路上行是从滁州保尔工贸出发，到滁州鲁肃广场的分段计价有人售票线路。途中共经过保尔工贸,双庙李小区,龙商服饰,定兴肥业,实验中学等26个站点。滁州定远7路上行公交车运营时间:发车间隔：票价信息：汽车公司：滁州定远7路上行公交线路1保尔工贸站2双庙李小区站3龙商服饰站4定兴肥业站5实验中学站6长园集团站7三和板业站8园区管委会站9瑞漫艾琳阁站10广播电视局站11绿园小区站12定远中学初中部站13南	life
14732873	色狼的传说作者红尘醉小说进度连载连载网站17k小说网小说类型东方玄幻。《色狼的传说》是连载于17k小说网的一本东方玄幻类小说，作者是红尘醉。内容简介万花丛中过,群芳拱明月——暗夜之王 META-INF job.jar merge_map.sh merge_red.sh org tmp 本书是都市生活为主 异能为辅的香艳小说 色狼人士的天堂!卫道士请走开……目录第一章 遇见第二章 青栗酒吧第三章	webfic
22297569	大白洋桥三村，河北省沧州市沧县纸房头乡下辖村，被认定为河北省绿色村庄。河北省沧州市沧县纸房头乡大白洋桥三村受沧县管辖，与李三桥村、王庄子村、山呼一庄村同乡，气候宜人，人勤物丰，人好，物产丰富。村内企业：缫丝厂、硅石英沙厂、植物油加工厂。主要农产品：油桃、黄椒、杨桃、山药、茄子。村内资源：白云石、车轮矿。	poi
822354	书名《新编会计基础一本通》作者索晓辉　出版社中华工商联合出版社有限责任公司出版时间2010-3-1。《新编会计基础一本通》是2010年中华工商联合出版社有限责任公司出版的一本图书，作者是索晓辉 。本书的重点内容包括：会计核算的要求、会计凭证的填制、会计账簿登录、编制财务报告、会计电算化等，重点突出、贴近实务。图书信息ISBN: 9787802492233开本： 16开定价: 29.80元内容简介随着经济的发展，企业会计部门的地位日益重要，它不仅是企业各种经济活动的信息中枢，同时保管着企业最为重要的资产“货币资金”。 “基础决定高度”，要想建立“规范、高效、安全	pub
13406639	最强男友作者唐僧的驴小说进度连载连载网站纵横中文网。《最强男友》是连载在纵横中文网的一本小说，作者是唐僧的驴。小说类型都市小说内容简介心脏病不能激动?性无能?被收养的霍小西原本打算就这样爱着哥哥,一生相守,但是那一天,五云看到了一个小瓶子,从此,一切都变了……	webfic
2488863	葡萄牙国籍法Lei da Nacionalida de Portuguesa立法1959年属于葡萄牙共和国。《葡萄牙国籍法》（葡萄牙文：Lei da Nacionalida de Portuguesa）是葡萄牙共和国有关公民身份的宪制性法律，主要是订明如何界定葡萄牙公民身份，包括因出生、其子孙，与归化于葡萄牙及结婚而取得葡萄牙公民身份。葡萄牙国籍法也涉及前殖民地概述葡萄牙在1959年基于属地主义原则而立法；但在1975年和1981年开始改血统主义为原则为葡萄牙国籍法律，这个“改变”是基于归化以及过去疆土及殖民地的其后代的公民身份问题考虑。 葡萄牙护照葡萄牙籍人士在葡萄牙或其属地所生的子女均会自动得到葡萄牙国籍；不	human
13486083	穿越之生死相随作者珍惜童年小说进度连载连载网站新小说吧。《穿越之生死相随》是新小说吧连载的小说，作者是珍惜童年。小说类型言情穿越内容简介一个21世纪的普通少年,因为五一中捡到一枚戒指,莫名的穿越到了古代,成为当朝宰相的四女儿,呜呜!这是什么跟什么啊!渐渐的习惯了自己的样貌,却不接受男人的爱,且看他在古代的爱恨情仇……	webfic
13472563	本心纪作者TCXF小说进度连载连载网站起点中文网。《本心纪》是TCXF写的网络小说连载于起点中文网。小说类型奇幻魔法内容简介紫枫凌,真的只是一个小村中的一普通个少年?他有一个爱他的母亲,而母亲有着谜一般的过去?一块神秘的紫色勾玉项链,竟可以疯狂加速修炼?一个绝代预言师的预言,而自己真的是预言之人?一份友情,一份爱情。自己又该如何抉择?真的世事,都可以按照	webfic
23542881	公司名称梅州市安庆科技有限公司成立时间2009年04月28日总部地点梅州市西郊金苑小区A7栋。梅州市安庆科技有限公司于2009年04月28日成立。法定代表人杨善义,公司经营范围包括：销售：计算机、数码产品及配件；代理电信综合业务；计算机软硬件开发、销售；网络技术开发；信息技术服务；食品销售；代理电信运营商授权业务；市场营销策划服务等。	org
14274562	餐馆名称味千拉面(广州体育西路店)地区广州市人均价格36营业时间晚上10点停止营业。味千拉面（广州体育西路店）是一家日本料理快餐店，位于广州市天河区天河路228号正佳广场4层。餐馆类型餐馆适宜商务宴请、休闲时光、休闲小憩、随便吃吃、情侣约会、家庭聚会、朋友聚餐餐馆简介随处可见的连锁店——“红黑”装饰十分醒目，显眼的logo看着“挺温暖”。一般点“招牌”猪软骨拉面，汤头“很鲜”，拉面适合大口吸下肚，一碗见底肚子...特色服务：是老	poi
7624080	消防水带（喉：水管）。用麻、棉或合成纤维织成的紧密管状物。能承受较高水压，以输送水或其他液态材料。	other
10678038	杨玉辰国籍中国出生日期1944年11月毕业院校天津师范学院中文系性别男籍贯河北省石家庄市政治面貌中共党员。杨玉辰，1944年11月出生，河北省石家庄市人。笔名：石翼、石艺等。主任编辑。中共党员。大学本科，1968年毕业于天津师范学院中文系。现任解放军报《新闻与成才》杂志主编（军衔大校）。作品（标有※系与别人合著）1、《新闻写作学步》（1998语文12．6万字）2、《小学生升学作文指导》（1999河北美术10万字）3、《战士的爱》（诗集）（1991文光5万字）4、《编辑答通讯员一百问》（1992长征15．8万字）5、《杨玉辰杂文选》（199	human
9609115	浙江省移动网应用技术重点实验室时间2010年类型省级联合重点实验室主任倪光南。浙江省移动网应用技术重点实验室是浙江省2010年度新增立项批准建设省级联合重点实验室，实验室计划从2010年开始建设，2012年建成对外开放。简介浙江省移动网应用技术重点实验室是浙江省2010年度新增立项批准建设省级联合重点实验室，实验室计划从2010年开始建设，2012年建成对外开放。发展历史实验室主要从事移动网前瞻性理论及相关应用技术、移动互联网智能终端软件、终端嵌入式平台软硬件协同设计、终	other
7080586	火柴算式版 本 号v1.2.0所属分类休闲娱乐发布时间2011-09-17。《火柴算式》是一款休闲小游戏，游戏大小为644 KB。游戏描绘想来挑衅童年的高难度题目吗？这是一个简单而经典的，挪动火柴使算式正确的游戏。关卡很丰盛。有的关卡很有挑衅。把持法子是：按住屏幕打开放大镜，用放大镜的十字准心挑选火柴，或要放置火柴的空格，点击屏幕空白处取缔挑选。新版加入了16宫格谜题，要求挪动火柴使	sci
20265007	公司类型股份有限公司(非上市、自然人投资或控股)登记机关荆州市工商行政管理局成立时间2014年3月26日发照时间2016年11月1日。湖北九盾环保科技股份有限公司于2014年3月26日在荆州市工商行政管理局登记成立。法定代表人杨玉全，公司经营范围包括环保设施运营，固体废弃物处理及综合利用；干混砂浆的生产及销售等。企业信息	org
19753637	Rick McCallum职业演员代表作品《Love in the Time of Monsters》合作人物Matt Jackson。Rick McCallum是一名演员，代表作品有《Love in the Time of Monsters》等。电影作品上映时间剧名扮演角色导演主演担任职务2014Love in the Time of MonstersDad #1Matt Jackson道格·琼斯，凯恩·霍德尔演员2010短柄斧2John亚当·格林丹妮尔·哈丽丝，托尼·托德演员2007BornTr	human
20119991	拜金女郎Material Girl所属专辑Like a Virgin歌曲时长4:01发行时间1985年1月23日歌曲原唱麦当娜·西科尼填词彼得·布朗，罗伯特·兰斯谱曲彼得·布朗，罗伯特·兰斯音乐风格流行舞曲歌曲语言英语。《Material Girl》是美国女歌手麦当娜·西科尼演唱的一首歌曲，歌曲的和曲谱由彼得·布朗和罗伯特·兰斯编写，由尼罗·罗杰斯制作。该歌曲收录于麦当娜·西科尼的第二张录音室专辑《Like a Virgin》中，并作为推广专辑的第二支单曲于1985年1月创作背景《Material Girl》由彼得·布朗和罗伯特·兰斯编写，尼罗·罗杰斯则制作。1986年，麦当娜·西科尼采访时称尽管这首歌不是她写的，也不是她创作的，但这首歌的歌词意义和理念确实适用于她当时的处境。麦当娜·西科尼称尽管她非常注重事业，但也会被那	play
14186722	组织制定科技重大专项的有关政策措施；提出重大专项发展战略及年度工作重点；组织科技重大专项实施中的方案论证、评审立项、跟踪管理与评估验收等；统筹协调全省申报和组织实施国家科技重大专项工作，负责省科技重大专项与国家科技重大专项的衔接和配套，并提出有关政策建议。	ins
6489426	单曲名称别让爱情走了样所属专辑我只有我歌曲时长4：23发行时间东乐影音歌曲原唱孟楠填词孟楠谱曲孟楠歌曲语言普通话。《别让爱情走了样》是一首忧伤心碎、质量上乘的民谣情歌，孟楠身兼词曲创作、演唱者、制作人多职。延续成名作《in control》以“钢琴+人声”做主导，很简约却足够跌宕的编曲框架。歌曲简介《别让爱情走了样》是一首忧伤心碎、质量上乘的民谣情歌，孟楠身兼词曲创作、演唱者、制作人多职。延续成名作《in control》以“钢琴+人声”做主导，很简约却足够跌宕的编曲框架，孟楠收起《in control》中辨识度极高的飚高音唱功，蜕变成为一位	play
449268	我很幸运j'ai de la chance语言法语含义点击的结果是关于你搜索的词条点击量最大用的最多的网站。Google的法语网页，当你输入搜索问题时，出来的两个选项按钮其中的一个。Google的法语网页，当你输入搜索问题时，它会有两个按钮：一个是从web中查找，一个是叫j'ai de la chance。后者的字面意思是“我有运气”，点击的结果是关于你搜索的词条点击量最大用的最多的网站。该按钮与Google中文网站对应的按钮是“手气	org
2042334	山河村行政区类别村所属地区湖北钟祥市邮政区码431906。山河村是湖北钟祥市丰乐镇下辖村，邮政编码是431906。简介湖北省钟祥市丰乐镇下辖村，山河村位于青丰村和李河村之间，这里的村民靠种田和做生意取得收入，由于山河村村民的吃苦耐劳，现在村民的生活比较富裕，比周边的村子的村民要富裕一些，公路边上都竖立这一栋栋楼房。信息地理位置湖北省钟祥市丰乐镇邮政编码431906	poi
9876294	拳皇之猛龙过街1是一款很经典的KOF系列动画，在一个崇尚习武的小镇来了一些不速之客，他们的目的只有一个，那就是踢馆...这是一部纯属娱乐的游戏动画。操作说明鼠标操作。如何开始游戏加载完成后，点击【continue】→点击【play game】→点击【start】开始游戏。游戏目标打败敌人。游戏介绍一款很经典的小游戏，街机大家小时候最喜欢玩地方，也是我们童年的梦想。	sci
18659885	守护系统暂无所属游戏问道手游。守护系统，《问道手游》特色系统之一，玩家可以雇佣一队守护来帮助自己在人数不足的时候进行正常的组队练级活动。同时在1.39版本中，对守护的能力进行了大幅度调整，玩家可以在守护的帮助下更轻松的战胜敌人。系统概述玩家可以雇佣一队守护来帮助自己在人数不足的时候进行正常的组队练级活动。同时在1.39版本中，对守护的能力进行了大幅度调整，玩家可以在守护的帮助下更轻松的战胜敌人。守护的购买玩家点击守护天神，购买守护，玩家等级≥40级 。相关限制和规则1、守护不可交	other
19529708	HTC Desire 816v商品编号1292333商品毛重360.00g商品产地中国大陆。规格参数 主体 品牌HTC 型号816v 颜色轻盈白 上市年份2014年 输入方式触控 智能机是 操作系统版本Android 4.4 CPU品牌Qualcomm 骁龙 CPU频率1.6GHz CPU核数四核 运营商标志或内容在外包装、在机身、在开机画面、在	life
217061	葛连福出生地上海出生日期1941年毕业院校西安建筑科技大学。葛连福  男，1941年生，上海人。1965年毕业于西安建筑科技大学院建工系。教授级高级工程师，冶金部建筑研究总院钢结构研究所副所长，上海浦东广厦建筑新技术公司总经理。从事建筑结构研究和技术推广工作35年。70年代研究的预应力马鞍形壳板，采用高强钢丝和调直钢筋作预应力筋，运用长线台座重叠法生产，提高效率，编有12～24M跨壳板通用图	human
20820121	如我是浮云 所属专辑午夜结他歌曲原唱张德兰谱曲河村利夫。《如我是浮云》是香港电台广播剧《午夜结他》的插曲，该曲由张德兰演唱。资料如我是浮云香港电台广播剧《午夜结他》插曲所属专辑：午夜结他演唱者：张德兰作曲：河村利夫歌词我听到了月亮叹息慨叹要独自挂天边万籁寂静又自嘲心中隐隐漆黑一片平常月夜哪有星星星怎与月儿会面如我是浮云就会将星星推到月面前这里有个寂寞吉他每到我寂寞抱于身边独在夜	play
437588	佐汉佐汉男包专业打造品牌设计每个男人拥有国际品牌风格品位设计理念智慧的鉴赏。佐汉男包专业打造属于每个客户的格调和品位，让客户都拥有一款属于自己品位和心动的包包。我们第一时间捕捉国际时尚最新动态，援引当即最流行的设计理念，加以改进，使其适合中国男士使用环境品牌简介在产品中较多的应用裁剪，拉链等方法让产品体现时尚而不张扬，流行而不类同。佐汉给客户的是一种生活方式。佐汉品牌包包以高品质的面料、舒适的剪裁和精良的工艺,释放着时代的魅力,让每一个细节都蕴含着艺术灵感和卓越品质。品牌设计去除品牌附加值，让每个男人都拥	life
19897110	苏其他名称苏公子；苏少爷配音柯暮卿（卡牌游戏《勇者大冒险 英雄集结》）登场作品小说《勇者大冒险：黄泉手记》；卡牌游戏《勇者大冒险 英雄集结》年龄小说中自称为29岁性别男家族苏家身份淮南苏家族长武器金针籍贯沧平。南派三叔小说《勇者大冒险：黄泉手记》中的主要人物，淮南神秘工匠世家苏家族长，知识渊博，擅长设计和制作精细物件，精于谋略。一直在寻找一个破局之人。有三十岁寿限。个人资料外貌特征有着一头白色的柔软短发，眼神清澈，声音清朗又有点沙哑，体重很轻，病弱模样；他的手指非常纤细，看上去柔软得好像没有骨头。指甲被精确地修剪过。就好像观音的手一样。——安份描述；小说设定：“我一下就看到了一个穿着宽松灰色毛衣和黑色工装裤的年轻人端	human
5318797	中文学名桂糖25号界植物界纲单子叶植物纲科禾本科。桂糖25号（原名：桂糖96-44），是由广西甘蔗研究所历经10年采用早熟高糖、高产的CP72-1210为母本，以崖城野生种割手密的后代崖城71-374为父本，采用常规杂交育种技术历经10年的选育研究培育而成的新品种。桂糖25号中茎，早熟、高糖、高产，抗逆性品种历史桂糖 25 号是广西甘蔗研究所于 1993 年 10 月采用早熟高糖、高产的 CP72- 1210 为母本, 以崖城野生 种割手密的后代崖城 71- 374 为父本, 委托海南甘蔗育种场于 1993 年 12 月杂交, 杂交花穗于 1996 年春 	nature
2743986	王松国籍中国职业医生毕业院校大连医科大学。王松，男，留韩博士，韩国原辰整形医院常驻丽人整形专家，毕业于大连医科大学，从事整形美容手术多年，经常与韩国医生同台手术，交流经验，多次赴韩国权威整形美容机构学习工作。个人简介姓名：王松 性别：男籍贯：中国 职业：医生　　临床经验留韩博士，从事整形美容手术多年，经常与韩国医生同台手术，交流经验，多次赴韩国权威整形美容机构学习工作。多年临床经验，数万名求美者共同见证，无失败案例。擅长领域擅长隆胸，吸脂，除皱，切眉，眼袋，双	human
10243788	爱切丝女神The Secrets of Isis其它译名爱切斯女神的秘密制片地区美国导演Arnold Laven主演乔安娜马伦上映时间1975 - 1977。《爱切丝女神》，讲的是一个埃及女王附身在一个考古学家身上，使她有超能力。基本信息经典美剧——《The Secrets of Isis》（中译名：爱切斯女神的秘密）影片梗概女主角安德列托马斯，一个高中科学教师。在一次考古挖掘时，她发现一个神秘的护身符。这原是给一个埃及王后制作的。谁戴上后都将被赋予爱切斯女神的伟大力量。每次当安德	play
9581481	尹家松民族汉族出生地重庆市垫江县主要成就垫江县政协副主席。尹家松，男，汉族，重庆市垫江县人，1954年4月生，市委党校在职大学。1972年12月参加工作，1974年7月加入中国共产党。现任垫江县政协副主席。1972．12—1973．05 西藏军区新兵五团二连战士；1973．05—1974．07西藏日喀则军分区修理连战士；1974．07—1975．01 西藏日喀则军分区汽训队学员；1975．01—1976．01 西藏日喀则军分区军械装备科学员；1976．01—	human
18302898	我是哥哥作者丑丑丑连载平台小说阅读网小说类型网络小说。《我是哥哥》是丑丑丑创作的网络小说，发表于小说阅读网。作品简介为便于战胜色魔为父母报仇，男儿身的苗苗从小被师傅以各种药物培养成一位倾国倾城惊艳武林的绝色佳人，然而报仇也并没有因此而变得容易，历经各种苦难，大仇才终得报，惊心动魄的武林故事演绎出别样的情爱生活，喜笑怒骂中别开生面，新东方不败横空出世，望各位能够喜	webfic
17648950	这是一种利用气体动力学原理分离同位素方法，当气体同位素混合物高速通过装有喷嘴的弯曲轨道时，其质量较轻的同位素在半径小的圆周上被富集，而质量较重的同位素在半径大的圆周上被富集。喷嘴法也称为气体动力学分离法，在分离铀同位素时，需要将六氟化铀气体与氢或氦混合，气	other
14487857	广东省水利劳动积累制度暂行规定Interim provisions of Guangdong Province on the accumulation of water resources in the province。实行农村水利劳动积累制度，是增加对水利投入，巩固现有水利设施，改善水利条件，增强农业发展后劲的重要措施。为了更好地坚持实行这项制度，完善管理办法，特制订本暂行规定。（1987年8月10日广东省人民政府批准1987年8月1日广东省水电厅颁布实施）实行农村水利劳动积累制度，是增加对水利投入，巩固现有水利设施，改善水利条件，增强农业发展后劲的重要措施。为了更好地坚持实行这项制度，完善管理办法，特制订本暂行规定。一、全省农村	soc
18605293	船头村行政区类别村电话区号0591邮政区码350000地理位置福建省福州市罗源县霍口畲族乡西北部人口641人。船头村位于霍口乡西北部。全村土地总面积5418亩，其中：耕地面积 603亩 、山地面积3361亩 。全村辖船头、罗汉洋、马下、其角乾、东地洋等7个自然村，人口 641人，其中低保户18户28人，五保户1户1人。2012年农民人均纯收入5287元。全村现有党2012年来，在乡党委、政府的正确领导下，以“三个代表”重要思想为指导，紧紧围绕上级中心任务，积极进取，开拓创新，扎实工作，充分发挥村支部领导核心作用，大力推进全村政治文明、物质文明、精神文明建设。一是加强领导班子队伍建设。健全村“两委”班子队伍，进一步提	poi
6876080	维和警察主要任务保护住在国民众生命财产安全简介维和警察原属联合国的警察部队组成联合国成员国派遣警队。维和警察原属联合国的警察部队。 其主要任务是在任务区保护住在国民众生命财产安全、制止违法犯罪、培训当地警察等。 其组成是由联合国成员国的警察管理最高部门派遣警队组成。自2000年参与联合国维和行动以来，中国已向联合国东帝汶、波黑、科索沃、阿富汗、利比里亚、简介顾名思义，维和警察原属联合国的警察部队。表彰2008年4月14日，中国第四支赴海地维和警察防暴队125名队员，佩戴着联合国授予的和平勋章，载誉而归。这是第一支由公安边防部队单独组建的维和警察防暴队，2006年2月组建，同年8月赴海地，125名队员主要来	other
16744450	桦林红菇（学名：Russulabetularum），俗称桦木脆褶（birchbrittlegill），是一种担子菌门真菌，隶属于俗称脆褶（Brittlegill）的红菇属。这种真菌体形细小，颜色苍白，不可供食用，并且常在桦木下生长。　　	other
513402	宾夕法尼亚大学University of Pennsylvania简称宾大、UPenn、Penn创办人本杰明·富兰克林创办时间1740年类别私立大学类型综合研究型大学属性常春藤盟校成员,贵格大学联盟(Quakers Consortium)成员,美国大学协会创始成员现任领导校长：艾米·古特曼院系设置商学院、法学院、医学院、传媒学院、艺术与科学学院、工程与应用科学学院等校训Leges Sine Moribus Vanae（法无德不立）地址Philadelphia, PA 19104主要奖项28位诺贝尔奖、1位图灵奖、8位美国国家科学奖章得主,115位美国国家学院院士、79位美国艺术与科学学院院士、30位美国哲学学会院士等 ,2位美国总统、9位《独立宣言》签字者、11位美国宪法签字者知名校友唐纳德·特朗普、沃伦·巴菲特、埃隆·马斯克、乔治·克莱默等吉祥物贵格会教徒（Quaker）学生人数24876学校面积279英亩（核心校区）世界排名17（2019软科世界大学学术排名）世界排名11（2020泰晤士高等教育世界大学排名）世界排名15（2020QS世界大学排名）世界排名16（2020USNews世界大学排名）学校官网http://www.upenn.edu/。宾夕法尼亚大学（University of Pennsylvania ），简称宾大（UPenn），位于宾夕法尼亚州最大城市费城，是一所全球顶尖的私立研究型大学，著名的八所常春藤盟校之一，北美顶尖大学学术联盟美国大学协会14所创始成员之一。宾大由本杰明·富兰学校历史创立宾夕法尼亚大学由美国著名科学家和政治家、开国元勋、《独立宣言》起草人之一，避雷针、富兰克林炉及远近两用眼镜等的发明者本杰明·富兰克林创办于1740年，建校时间早于美国建国（1776年），《独立宣言》的9位签字者和美国宪法的11位签字者与该校有关	ins
20548828	公司类型有限责任公司(台港澳与境内合资)登记机关珠海市工商行政管理局成立时间1993年08月08日发照时间2016年06月17日。珠海华粤传动科技有限公司于1993年08月08日在珠海市工商行政管理局登记成立。法定代表人倪川，公司经营范围包括生产和销售自产的汽车离合器、制动器、汽车灯具等。企业信息	org
22782371	周明晶国籍中国运动项目帆船所属运动队海南队。周明晶，中国帆船运动员。2018年6月11日，2018年全国青年帆船锦标赛在大连将军石中国帆船帆板训练基地收帆。海南省队周明莹、周明晶获得女子470级场地赛冠军。2019年5月3日，2019年全国青年帆船锦标赛在武汉东湖收官。来自青海的周明晶/周明莹在女子470级场地赛、长距离两	human
18644392	书名大国外交：从第一次世界大战至今作者[美]诺曼·里奇  译者时殷弘 ISBN978-7-300-17717-5定价78.00出版社中国人民大学出版社出版时间2015-08-31装帧平装开本16。在本书中，我力图描述那些我所认为的“从过去承继下来的条件”中最重要者，只要它们是与国际事务相关的。 我没有任何大胆的新解释要提供，也不持任何历史目的，抑或要对马克思主义理论或弗洛伊德学说作什么新颖的倒转。然而，从头到尾，我的压倒性关切集中在“维持和平”这一内容简介本书主要介绍第一次世界大战爆发至今的这100年间，大国关系与世界格局的深刻演变，阐释大国的外交政策，聚焦影响世界历史进程的重大事件，如两次世界大战的起源、过程，中国的抗日战争与内战，朝鲜战争，苏联的崛起与美苏争霸，苏联解体与东欧剧变，海湾战争， “	pub
17348897	许晋文出生地山西省中阳县出生日期1971年11月毕业院校山西大学。许晋文，男，汉族，1971年11月生，山西省中阳县人，大学本科学历，经济学学士，1994年7月参加工作，1998年12月加入中国共产党。现任吕梁市委党校常务副校长。人物履历1990.09——1994.07 山西大学学习1994.07——1997.09 吕梁地委党校教师1997.09——2002.10 吕梁地委组织部干部科科员2002.10——2005.04 吕梁地委组织部组织史征编办副主任2005.04——2007.	human
3026941	丽台FX3450芯片厂商 nVIDIA核心代号 NV42GL显存频率 1000MHz。丽台FX3450，核心代号是NV42GL。丽台 FX3450 显卡核心显卡芯片 Quadro FX3450丽台 FX3450 显卡频率核心频率 425MHz丽台 FX3450 显存规格显存类型 DDRIII显存容量(MB) 256显存位宽 256bit最高分辨率 2048*1536丽台 FX345	life
8701940	2013款瑞风S5 1.8T 手动尊享版级别SUV长×宽×高(mm)4475*1840*1680最高车速190。2013款瑞风S5 1.8T 手动尊享版是长×宽×高为4475*1840*1680(mm)的SUV汽车。基本参数厂商江淮汽车级别SUV发动机1.8T 163马力 L4变速箱6挡手动长×宽×高(mm)4475*1840*1680车身结构5门5座SUV最高车速(km/h)190官方0-100km/h加速(s)-实测0-100km/h加速(s)-实测100-0km	life
19011335	软件名称井字3D Tic Tac Toe 3D软件平台IOS软件大小394.36KB。《井字3D Tic Tac Toe 3D》是一款IOS平台的应用。应用介绍经典的 Tic Tac Toe游戏 带给 你的手 的手掌 比以往任何时候都 更 令人兴奋的 是 卓越 的 方式 ！ 经典游戏 终于可以 在你的iPhone 或iPod ， 但 在 一个全新的层面 ：3D。  井字 3D 的组合 增加了更多 的 热量	sci
2603997	中文学名黑头穗鹛河口亚种拉丁学名Stachyris nigriceps yunnanensis界动物界门脊索动物门纲鸟纲目雀形目科鹟科亚科画眉亚科属穗鹛属种黑头穗鹛亚种黑头穗鹛河口亚种定名人及年代La Touche,1921。黑头穗鹛河口亚种（学名：Stachyris nigriceps yunnanensis）。分布于缅甸、泰国、老挝、越南以及中国大陆的云南、广西等地。该物种的模式产地在云南河口。外形特征体型略小（13.5厘米）的橄榄褐色穗鹛。顶冠及颈背近黑而带白色纵纹，黑色的长眉纹下有一白线，白色的下颊纹其上为灰色，颏及喉深灰，眼圈白，下体橄榄皮黄色。虹膜－浅褐；嘴－偏黑；脚－暗黄。分布范围国内分布：云南（元阳、屏边、河口）、广西（龙津）国外分布	nature
21464108	公司类型有限责任公司登记机关扬州市广陵区市场监督管理局成立时间2013年06月06日发照时间2016年05月16日。江苏银迪通商业信息服务有限公司于2013年06月06日在扬州市广陵区市场监督管理局登记成立。法定代表人王俊，公司经营范围包括商务信息服务，经济信息咨询，会议服务，软件开发等。企业信息	org
8199264	公司名称南京亿高医疗设备有限公司总部地点南京成立时间2000年经营范围医疗设备。南京亿高是2000年成立的，集科研开发、生产、销售和服务为一体的股份制高科技企业。公司简介亿高公司是由南京亿高微波系统工程有限公司和南京亿高医疗设备有限公司组成，亿高微波系统工程有限公司侧重于医疗设备的科研开发和生产领域，亿高医疗设备有限公司则侧重于医疗产品的销售和服务领域。南京是全国公认的医用微波产品发源地，而亿高公司则是目前南京最大	org
3430097	三级节水管理网络纽带区域和行业管理目标完善节水的循环管理网络包括社区节水网络。以区域和行业管理为纽带，完善节水的循环管理网络。一是社区节水网络：即区节水办——街镇——居委会和村委会三级节水管理网络；二是重点区域节水网络：即区节水办——海洋科技园区、大港开发区等——进驻企业三级节水管理网络；三是行业节水网络：即区节水办——各委办局(如教育局、卫生局)——所辖单位(如学校和医院)三级	other
8911976	咖啡乳酒主要产于咖啡生产国, 它的原料是咖啡豆. 先焙烘粉碎咖啡豆, 再进行浸制和蒸馏，然后将不同的酒液进行勾兑，加糖处理，澄清过滤而成。酒度26o左右。咖啡乳酒属普通利口酒。较出名的有：Kahlúa(高拉，墨西哥) ，Tia Maria(蒂亚·玛丽亚) 	other
16353447	书名健康9元书系列出版社金盾出版社语种简体中文ISBN9787508276427作者金盾出版社 王陇德出版日期2012年6月1日开本16品牌金盾出版社。《健康9元书系列(套装共50册)》由卫生部原副部长、中华预防医学会会长、卫生部“健康中国2020战略研究组”首席专家、卫生部疾病预防控制专家委员会主任委员、中国工程院院士王陇德任总主编。该系列图书主要作者有胡大一、洪昭光、瞿佳、向红丁、郭冀珍等全国知名医学内容简介《健康9元书系列(套装共50册)》特点： 　　权威——中国工程院院士、卫生部原副部长、中华预防医学会会长王陇德任总主编，全国知名一流专家编写，有胡大一、洪昭光、向红丁、瞿佳、郭冀珍教授等。 　　种类齐全——涉及防病治病、养生保健、饮食营养等。 　　	pub
7078837	热熔标线涂料用处标志道路标线作用安全标记用法涂敷在道路上。热熔标线涂料是涂敷在道路上，用于标志道路标线的一种涂料。道路标线是一种安全标记，在公路交通中更是一种无声的“语言”。前言道路标线涂料是涂敷在道路上，用于标志道路标线的涂料。它是一种安全标记，是在公路交通中的一种“语言”。简介我国使用的道路标线涂料有热熔型、水性和常温溶剂型三类。交通安全管理部门利用道路标线达到加强交通安全管理、减少事故和美化城市道路的目的，而醒目的道路标	other
22439663	书名一次管一生的教育作者齐大辉ISBN9787545908879出版社鹭江出版社。《一次管一生的教育》是一部由齐大辉所著书籍，鹭江出版社出版发行。出版信息作者:齐大辉  　　出版社: 海峡出版发行集团/鹭江出版社　　出版年: 2015-4　　页数: 256　　定价: 36　　装帧: 平装　　ISBN: 9787545908879内容简介《一次管一生的教育》是齐大辉教授历时十多年从事中国家庭科学研究的	pub
14660934	童话纷飞作者恩劈西小说进度暂停连载网站晋江文学城。《童话纷飞》是连载于晋江文学城的小说，作者是恩劈西。小说类型爱情内容简介随便在这里发一下,哈哈。=灵感来源于暗黑破坏神...突然很想再多写几个...也许这是一个没有特定主角的故事。也许,这是一个没有固定的顺序的故事。也许,这个故事将脱离开原先的设定……	webfic
20311456	歌曲Always, In All Ways语言英语发行日期2006-05-08歌手Kenny Loggins所属专辑More Songs From Pooh Corner。歌词Always, in all waysYou&apos;ll be in my mindFor always, in all waysWords have been so hard to findI still remember you as a ch	play
21870023	审结日期2017年2月10日审理法院安徽省安庆市迎江区人民法院文件类型裁定书审理程序一审。祖洁诉潘秀文等机动车交通事故责任纠纷案是2017年2月10日在安徽省安庆市迎江区人民法院审理的案件。案由民事、侵权责任纠纷、机动车交通事故责任纠纷权责关键词民商事、诉讼关键词、临时性救济和保障程序、财产保全、执行、查封、扣押、冻结案例原文安徽省安庆市迎江区人民法院民事裁定书申请人祖洁。被申请人潘秀文。被申请人方星。被申请人方友建。申请人祖洁与被申请人潘秀	soc
20349651	厦门伟长兴贸易有限公司是泓涵集团的子公司之一，位于厦门经济特区的金融核心商圈——厦门航空商务广场。公司紧邻高崎国际机场、五缘湾湿地公园以及环岛路，环境优美，交通便利。厦门伟长兴贸易有限公司以进出口贸易为主要业务，同时自主研发生产食品、养生保健产品等。其中，	org
2109922	书名打与谈的艺术作者马云鹏ISBN9787535833389页数186出版社湖南少儿出版社出版时间2007-4-1装帧平装纸张胶版纸。《打与谈的艺术》是2007年04月由湖南少儿出版社出版的图书。该书主要讲述了在平津战役前夕，毛主席在打与谈之间权衡如何解放华北的故事。内容简介1948年的冬天早早就到来了。此时，在太行山下、滹沱河畔的小山村——西柏坡，有一个人却安适地仰卧在干草堆上，沐浴着冬日暖阳，这个人就是毛主席。此刻，这位决定着中华民族命运和战争命运的伟人在思考些什么呢？这时，辽沈战役已经结束，淮海战役也在顺利进行着	pub
12671497	对氟苯乙酰氯:4-Fluorophenylacetyl chloride别称4-氟苯乙酰氯化学式C8H6ClFO分子量172.584CAS登录号459-04-1。中文名称:对氟苯乙酰氯  英文名称:4-Fluorophenylacetyl chloride基本信息中文名称:对氟苯乙酰氯英文名称:4-Fluorophenylacetyl chloride中文别名:4-氟苯乙酰氯英文别名:-CAS号:459-04-1分子式:C8H6ClFO分子量:172.584安全信息风险术语R34:Causes burns.	nature
23910443	将相和之姻缘乱作者鬼斗类型古代言情连载状态已完结。将相和之姻缘乱是一部古代言情类型网络小说，作者是鬼斗。内容简介楚仪是楚家的外室女，虽然楚家只是个小门小户的人家，她却也在其中受尽欺凌。她的嫡母，恨不能毁她容，将她嫁个世上最破烂的人家；她的长姐，盼望着要她的性命而她那唯一的亲人，亲生的哥哥，又想要将她卖给他人作妾。这是怎样的世道，亲情如此不堪一击。而她，终究碰	webfic
16661812	Podstawski Tomás国籍葡萄牙出生地波尔图出生日期1995年1月30日身高1.81米运动项目足球。Podstawski Tomás,葡萄牙籍足球运动员。场上位置中场职业生涯时间　　球队　　2012 - 2012波尔图2013 - 2013PortugalU-192014 - 2014PortugalU-19荣誉时间　　球队　　联赛　　2012波尔图葡超	human
22457720	原来爱情他来过作者蝶彩类型现代言情连载状态完结连载平台掌读看书最新章节第383章 我跟你没完（大结局）。《原来爱情他来过》是一部连载于掌读看书的现代言情类小说。讲述：遇到李沫白那年，我二十五岁。作品简介遇到李沫白那年，我二十五岁。他是端坐贵宾席的贵客，我是狼狈地躲进化妆间的新娘。婆婆恶意驱逐，丈夫有心背叛，我成了世上最没有尊严的女人。李沫白说，做我的女人，我让你拥有一切！沦陷在他的深情里，我甘愿做他的情人！只是我终不信，我们之间是否真的有爱情？章	webfic
1563641	书名全国统一建筑工程基础定额应用手册ISBN9787801592224页数2132页出版社中国建材工业出版社出版时间2002年2月1日装帧平装开本16版次第1版 。《全国统一建筑工程基础定额应用手册》是2002年中国建材工业出版社出版的图书。本书按照《基础定额》的章节次序，针对定额中（编制）说明及工程量计算规则，定额所列分步分项工程名称的具体意义，定额项目所组成人工、材料、机械的具体解释以及实际操作过程中经常遇到的特内容简介我们编写《全国统一建筑工程基础定额应用手册(套装全4册)》主要有以下目的：一、求“实际操作”，即一切从预决算工作者实际操作的需要出发，一切为预算员着想。在编写过程中，我们一直设身处地把自己看成实际操作者，实际操作者需要什么，我们就编什么。总结出的释	pub
24035031	都市万兽之王作者猴四李类型玄幻连载状态已完结。都市万兽之王是一部玄幻类型网络小说，作者是猴四李。内容简介上古仙人大战......    自此仙凡隔绝，人界仙气枯竭，陷入了末法时代。    都市少年偶得绝世修炼秘籍，踏上了一条不一样的修炼之路。    一路上，收异兽，泡美女，挫强敌，斩荆棘......        终成，万兽之王！    新书我以手机	webfic
10937039	寂寂竟何待，朝朝空自归。欲寻芳草去，惜与故人违。当路谁相假，知音世所稀。只应守寂寞，还掩故园扉。【作者】：孟浩然    【朝代】：唐    【体裁】：五言律诗【格律】：○平声  ●仄声  ⊙可平可仄  △平韵   ▲仄韵寂寂竟何待，朝朝空自归。●○●○●，	cul
14645876	黑道之我最流氓作者书生疯流子小说进度连载连载网站纵横中文网。《黑道之我最流氓》是在纵横中文网连载的小说，作者是书生疯流子。小说类型都市娱乐内容简介何为黑?何为白?正邪间,又有几人能分得清界限?如果上天给我一个复仇的机会,就算是黑色的,又能怎样...他们,是人们眼中的社会流氓、人渣。 但是,他们为了兄弟、亲人。拿起手中的砍刀和拳头,会毫不犹豫的指向敌人。就算是拼命,也在所不惜。	webfic
4469619	陈美堂国籍中国出生日期1872逝世日期1936。陈美堂（），今潮南陇田镇浩溪人。少年聪颖有大志，遵父训致力学医，虽有心得，但自感医学未精，不敢贸然行医。父亲去世后，于清朝末年赴暹罗（今泰国）经商。稍有积蓄，在曼谷创办大安堂药行，后与陈泽猷等合办耀华力药行。基本信息美堂身在海外，心系故园，常抨挞清廷腐败，国土遭列强瓜分，暗无天日。光绪三十一年（1905）在暹罗参加了同盟会，积极行动，支持国内之辛亥革命。民国四年（1915）任国民党暹罗支部长，与萧佛成合办新民学校。民国八年，护法军舰南下广州，美堂往广州谒见孙中	human
13184386	莲无忧作者Lucky阿韵小说进度连载连载网站起点中文网。《莲无忧》是Lucky阿韵写的网络类型小说，连载于起点中文网。小说类型架空历史内容简介不知君心似我心,不如无事莫多情。 终有一日问君心,君却道我本无心。 无心插柳柳成荫,应笑并非无忧清。 无情亦无忧,从此,你便叫做莲无忧吧。 前世被爱人杀了父亲,复仇杀了爱人结果自己也被杀,转世投胎没想到又一次亲人被杀害,只是这次连杀	webfic
14808740	妖刀传奇作者小李飞铲小说进度连载连载网站纵横中文网。《妖刀传奇》是连载于纵横中文网的小说，作者是小李飞铲。小说类型新派武侠内容简介一把看似普通的刀却隐藏着惊天秘密;一个善良敦厚的人却掀起了腥风血雨;一次义无反顾的选择注定了他多舛的命运;一段可歌可泣的复雠经历成就了他的铁血传奇。刀,为何竟会哭泣?人,为何总是伤心?那倾国倾城的最后一刀将是何等艳丽?一刀倾城,一个	webfic
21307781	所属专辑乐拍乐高 2音乐时长1分37秒。《错爱》是麒麟的音乐作品，收录在《乐拍乐高 2》专辑中。歌词错爱  - 麒麟　　词：樊志毅Micheal.C 曲：樊志毅Micheal.C　　不去想不会忘忘掉忧伤　　下一秒让现实把你遗忘　　那时候你对我讲　　让我们一起成长　　到现在却又是离别感伤　　一句话是否是最终方向　　没有人会了解什么是原谅　　那时候你对我	play
14853857	婉佩如林作者婉佩如小说进度连载连载网站天涯读书。《婉佩如林》连载于天涯读书，作者是婉佩如。小说类型言情小说内容简介她,南方柳军司令千金,二八芳华,既聪慧可人,又不乏巾帼豪情,才气逼人。他,北地锦军大帅之子,英姿飒爽,权倾一方,却在南方意外遭袭。她去国三年,回程途中,飞马相救。数月后,他意外在北地大帅府偶遇她,却相见不相识。自遇袭后,他便陷入了重	webfic
10851618	乌瑟多姆是波罗的海南岸岛屿，与沃林岛同处奥得河口外。乌瑟多姆岛波兰语称“乌兹纳姆”。南侧形成什切青湾（奥得湾），北侧亦出现敞开式的波美拉尼亚湾（波莫瑞湾）。向海一面岸线平直，向大陆一面曲折。面积442平方公里。原属德国。第二次世界大战德国战败，1945年将该岛东端（沿希维纳海峡西岸）的长条状地带划归波兰，其	other
6071815	书名民间收藏与鉴赏：古砚收藏与鉴赏页数147出版社上海大学出版社出版时间第1版 (2008年5月1日)装帧平装开本16。《民间收藏与鉴赏古砚收藏与鉴赏》是2008年上海大学出版社出版的图书，作者是郭传火。图书信息正文语种: 简体中文ISBN: 7811182416, 9787811182415条形码: 9787811182415尺寸: 20.8 x 14 x 1.4 cm重量: 322 g作者简介郭传火，中国作家协会会员，生于1963年。著有《中国保姆》、	pub
13476463	宣武村委会国土面积 32.50平方公里海拔1580.00米耕地3170.70亩。宣武村委会，属于半山区。距离村委会0.00公里,距离镇20.00公里， 国土面积32.50平方公里，海拔1580.00米，年平均气温18.10℃，年降水量920.00毫米，适宜种植烤烟、水稻等农作物。有耕地3170.70亩，其中人均耕地0.88亩；有林地1村情概况宣武村委会，属于半山区。距离村委会0.00公里,距离镇20.00公里， 国土面积32.50平方公里，海拔1580.00米，年平均气温18.10℃，年降水量920.00毫米，适宜种植烤烟、水稻等农作物。有耕地3170.70亩，其中人均耕地0.88亩；	ins
7927976	威尔逊·扬科国籍葡萄牙 　出生日期1994-07-23　职业足球运动员。威尔逊·扬科是一名足球运动员，效力于里斯本竞技预备队。个人资料姓名：威尔逊·扬科场上位置:后卫身高：173厘米体重：62公斤惯用脚：右脚出生地：未知(葡萄牙)代表国家队：出场0次，进0球欧洲三大杯：出场0次，进0球欧洲冠军联赛：出场0次，进0球职业生涯赛季俱乐部号码出场进球国家联赛等级排名2012/2013里	human
18573485	全国人大常委会办公厅关于对矿山企业审批和发证程序问题的答复颁布单位全国人大常委会办公厅颁布时间1993.05.24实施时间1993.05.24。《全国人大常委会办公厅关于对矿山企业审批和发证程序问题的答复》在1993.05.24由全国人大常委会办公厅颁布。地质矿产部：你部关于请求对矿产资源法第十三条有关矿山企业审批和发证程序进行法律解释的函收悉。经研究，提出以下答复意见：矿产资源法第三条规定，“开采矿产资源，必须依法申请取得采矿权。”第十三条规定，“开办国营矿山企业，分别由国务院、国务院有关主管部门和省、自	soc
3026214	胡名义国籍中国出生日期1951年11月信仰中共党员。胡名义，男，1951年11月生，中共党员，在职大学学历，现任省国家保密局副局长、省委保密委员会办公室副主任，拟任省委办公厅副巡视员；	human
12489190	作者郑宝根ISBN9787550800816页数191定价1080.00元出版时间2011-4。图书信息郑宝根竹雕艺术，ISBN：9787550800816，作者：张球 编著。	pub
6415285	台与とよ、toyo别名臺與国籍日本民族日本倭人出生日期235年职业邪马台国女王出自三国志·魏志倭人传。台与（235年？－？），《三国志·魏志倭人传》中继承邪马台国女王卑弥呼之位的女性。卑弥呼死后有人更立男王国中不服， 死了千人于是复立台与为女王。异字的记载台与相关的记载，因繁体字台与壹相似，便有出现“台与”和“壹与”两种写法。“壹与”：出现于魏志倭人传（=三国志魏志东夷传倭人之条，3世纪晋代陈寿编纂）“台与”：出现于梁书诸夷传（唐代姚思廉编纂）及北史东夷传（唐代李延寿编纂）虽然《三国志》的成书时间	human
8057402	书名建筑业农民工入场安全知识必读作者建设部安全生产管理委员会办公室、建设部工程质量安全监督与行业发展司ISBN10位[7112096944]13位[9787112096947]定价￥2.00元出版社中国建筑工业出版社出版时间2007-1-1。《建筑业农民工入场安全知识必读》是2007年中国建筑工业出版社出版的图书，作者是建设部安全生产管理委员会办公室、建设部工程质量安全监督与行业发展司。内容简介本书为建筑业农民工入场安全知识普及读本，共分四部分：第一部分介绍农民工的权利义务和进入现场必须掌握的安全基本知识；第二部分重点介绍施工现场各工序中存在的主要危险；第三部分为相关法律法规摘录；第四部分为施工现场常见的警示标志牌和应急电话。本书内容实用	pub
10800669	范烧烧别名范敏迪出生地成都代表作品《姜子牙的恋爱课》。这是一位我很喜欢的作家：作者自己的简介：范烧烧，本名范敏迪，女，成都人。曾经玩是我生命中最重要的事，在东南亚玩耍了几年，终于厌倦，后回到成都，从报社记者做到责编，工作成绩还行。可骨子里始终自由散漫不喜约束，终于转行，成为写手界的新人。为人甚懒，产量低得可笑这是一位我很喜欢的作家：作者自己的简介：范烧烧，本名范敏迪，女，成都人。曾经玩是我生命中最重要的事，在东南亚玩耍了几年，终于厌倦，后回到成都，从报社记者做到责编，工作成绩还行。可骨子里始终自由散漫不喜约束，终于转行，成为写手界的新人。为人甚懒，产量低得可笑	human
23546611	2019年6月5日，陕西省西安市黑河水源地环境保护管理总站荣获第二届中国生态文明奖先进集体。	ins
20439773	五莲区。工作报告2017年2月15日上午，日照市委书记刘星泰在参加莒县代表团审议党代会报告和市纪委工作报告时强调，要巩固好日照市发展的良好势头，大力实施新一轮县域经济提升行动，发展各具特色的“板块经济”，建设经济强县、产业大县、特色名县。报告内容到“十三五”末，力	other
4438303	湛河区教育局地区湛河区隶属湛河区人民政府内设办公室。贯彻实施国家教育工作方针、政策，起草有关教育的地方性法规、规章草案，制定全省教育改革与发展战略和教育事业发展规划及年度计划，拟定教育体制改革的政策，并负责指导、协调、督促实施。主要职责　　贯彻实施国家教育工作方针、政策，起草有关教育的地方性法规、规章草案，制定全省教育改革与发展战略和教育事业发展规划及年度计划，拟定教育体制改革的政策，并负责指导、协调、督促实施。	ins
6479117	刘彦究Yanjiu  Lau国籍中华人民共和国民族满族出生地吉林省出生日期1984年7月31日职业作家、演说家、英语语法教育专家毕业院校华中农业大学信仰佛教主要成就创立超速成功学,创立大学生超速成功学代表作品《十指轻过风晴雪》、《滴润霏霏》、《沄漠潮澈》擅长领域项目策划、市场营销、小说创作。刘彦究，超速成功学创始人，亚洲最顶尖的新锐演说家，英语语法速通导师，2005年至今，他已经在全国50多个城市，数百所高校进行了以“超速成功学”为主题的全国巡回公益演讲，实践着“为祖国智造一亿栋梁”的伟大人生使命。至今，刘彦究已经成功演讲数千场，听众多达百万人物简介中文姓名：刘彦究英文姓名：Yanjiu Lau性别：男国籍：中华人民共和国籍贯：吉林省出生日期：1984年07月31日民族：满族生肖：鼠身高：168cm体重：68kg语言：汉语、英语、法语、日语、韩语家庭状况：父母双全星座：狮子座宗教：佛教优点：数	human
23973729	独家盛爱：我的老公是暖男作者极品小云云类型现代言情连载状态已完结。独家盛爱：我的老公是暖男是一部现代言情类型网络小说，作者是极品小云云。内容简介才第三次见面就要结婚？！她是不是在做梦？！还是个高富帅！虽然她不轻浮，但这么好的机会她才不会傻乎乎的错过！婚后冷面总裁却独对她一人温柔无限，体贴入微，实在羡煞旁人。原本的安宁生活却意外不断，去商场买东西也能被枪伤？第一次见公婆就在医院，她鸭梨山大。	webfic
13899914	鬼门天师作者两个心相印小说进度已完结连载网站17k小说网。《鬼门天师》是连载于17k小说网的一部灵异怪谈类小说，作者是两个心相印。内容简介人间大道三千里,无数英雄任驰骋。刀光剑影踏血去,独留一人平四方。...这首诗是记载着三千年前一位名叫叶时一的鬼门天师,话说,三千年前鬼门天师叶时一单人匹马远去西域铲除勾结倭人西康王和麾下大漠十四鹰,那一战,西康王战死,大漠十四鹰全部陨落,而叶时一自	webfic
22194584	记忆犹新年少时所属专辑记忆犹新年少时歌曲时长04：53发行时间2017-11-02歌曲原唱王梓旭填词代子军谱曲吴均桥编曲吴均桥音乐风格POP歌曲语言普通话发行吴颖音乐。《记忆犹新年少时》是华语男歌手王梓旭演唱的一首歌曲。“那一天在广场见到了你，你似翩翩起舞的秀发在飘动，我上前问你，你否认那就是你，你的脸庞好像一抹夕阳红.....”王梓旭最新单曲《记忆犹新年少时》暖心上线。歌曲信息歌曲名字：记忆犹新年少时作词：代子军作曲：吴均桥演唱：王梓旭发行：吴颖音乐歌词春去冬来 花落花开年少时我就喜欢你青春时缺 无处寻找你梦里无数次见到你记忆犹新 我又想起了你你是不是与我年少同班同龄曾经的过去 我问过我自己为什么一直放不下你那一天在广场	play
20373683	书名日本社会论：家与村的社会学作者王颉 (日)鸟越皓之页数226出版社社会科学文献出版社出版时间2006-07装帧平装开本32。本书在“日本人剖析自己的民族精神及其形成与传承”方面为中国的社会学界填补了一项空白，是一本优秀的日本农村社会学读本。作者简介鸟越是日本著名社会学家，曾任日本社会学会会长。王颉，中国社会科学院社会学研究所副研究员。目录信息日本社会——中文版序言……………………………………………………………………… / 1序………………………………………………………………………………………	pub
18446853	综漫之凌幻的旅途作者夜下彩虹类型网络小说连载平台起点网。《综漫之凌幻的旅途》是夜下彩虹创作的网络小说，发表于起点网。作品简介主角在执行任务时被两大抑制力砸晕，之后便去重塑肉身，然后觉醒了前世一部分记忆，而后又作为补偿她得到了专属主神蛋蛋，于是她便登上了找回她全部记忆的旅途。。。》新手写书，不虐主，百合文，就是一只萝莉到处旅游的故事，这是我的第一本书，太烂不要喷啊~~因为	webfic
3538395	道路基层是指直接位于沥青路面层下，用高质量材料填筑的主要承重层，或直接位于水泥混凝土路面下，用高质量材料铺筑的结构层。学科：工程地质学词目：道路基层英文：road base course	other
17149892	从钓鱼到熬好鱼主要食材鱼。用料材料　　鱼做法1. 出发2. 到达3. 杀鱼4. 开火5. 煎鱼6. 放水7. 开始慢慢熬8. 放配料，关火。	life
6266511	丁丁摄影DingDing Photography地点河南 郑州主要成员丁汉泽,张敬哲,赵园,陈耀光。丁丁摄影，是由郑州大学在校学生创建的立足于校园的摄影爱好者组织。其中有爱好摄影的在校学生、老师，社会摄影爱好者，同时不乏一些著名摄影师。目前，丁丁摄影已组织策划了&quot;郑大首届校园人像摄影节&quot;、“舌尖上的郑大”、“直升机航拍校园”等活动，为建立之初郑州大学信息工程学院2012级学生丁汉泽、张敬哲、陈耀光，凭借对摄影的热爱，创建了大学生摄影爱好者组织。2013年10月，开始通过网络新媒体发布优质摄影图文，并组织一些线下摄影活动，吸引广大摄影爱好者加入，并为组织起名为丁丁摄影。组织发展随着郑大及	other
17082565	三鲜蛋饼主要食材鸡蛋,韭菜分类饼。用料材料　　鸡蛋韭菜肉末做法1. 鸡蛋三个搅散，加点盐2. 加入肉末搅匀3. 韭菜切细末，加入蛋液里搅匀4. 煎成蛋饼	life
19442113	其他别名:闇芝居 第3期上映:2016-01-11优酷开播:2016-01-11地区:日本类型:神魔/剧情适用年龄:16岁以上导演:高岛友也声优:村井良大/相沢梨纱/板尾创路/鸟越裕贵/酒井瞳简介一个刚搬入新家的年轻男子，在家中意外地发现天花板上贴着一道纸	other
2428664	书名城市燃气实用手册作者白世武出版社石油工业出版社出版时间2008-10-1。《城市燃气实用手册》是2008年石油工业出版社出版的图书，作者是白世武。本书可为燃气行业广大管理人员、技术人员、操作人员提供全面且实用的专业参考，也可作为行业职工培训教材使用。基本信息版　次：1页　数：352字　数：576000 印刷时间：2008-10-1开　本：16开纸　张：胶版纸 印　次：1I S B N：9787502167608包　装：平装内容简介本书内容分为4篇，涵盖了城市燃气供应的各个环节。“基础篇”介绍了天然气的	pub
16701838	杨恒忠民族汉族出生地江苏泗阳出生日期1970年3月性别男学历研究生职务宣传部副部长、市文明办主任。1993年8月参加工作，1993年1月加入中国共产党。个人简介江苏省淮安市委宣传部副部长、市文明办主任任职履历1990年9月--1993年6月 就读于江苏省淮阴师范专科学校（现淮阴师范学院）中文系专业学习；1993年8月--1994年8月 任江苏省淮阴市职教中心教师、文秘专业组组长；1994年8月--1995	human
15675970	岗格海岛度假村位于阿里环礁房间40间房型水上屋、豪华水上屋、海滩沙屋。马尔代夫岗格海岛度假村位于阿里环礁，距离马累82公里的路程，需要先乘水上飞机20分钟，然后再坐几分钟的快艇到达岛上。不过放心你不会觉得麻烦，因为乘坐水上飞机能从马代上空饱览群岛，以及乘坐海风拂面的快艇是种多么惬意而奢华的享受。马尔代夫岗格海岛度假村周到的服简介房型介绍　　岛上共有40间房间，房型分别是分别是水上屋、豪华水上屋、海滩沙屋、花园别墅和clubroom。　　岛上所有的客房都配备带淋浴的私人浴室、直拨电话、迷你吧、保险箱、吊扇、空调和阳台。门廊或甲板躺椅是您惬意的休闲场所。　　岗格海岛度假村花园平房	poi
19173093	异常房间逃脱Prodigious Escape游戏类型益智小游戏游戏大小3.42MB。异常房间逃脱：一款密室逃脱小游戏。游戏中，你被人绑架锁在了一个密室内，现在趁绑匪不在，你得赶紧在屋内寻找有用得线索，解决所有的困难，想办法打开房门逃生，喜欢密室游戏的朋友快来玩玩吧。游戏简介异常房间逃脱：一款密室逃脱小游戏。游戏中，你被人绑架锁在了一个密室内，现在趁绑匪不在，你得赶紧在屋内寻找有用得线索，解决所有的困难，想办法打开房门逃生，喜欢密室游戏的朋友快来玩玩吧。操作说明鼠标操作如何开始加载完成点击Continue，然后点击Pl	sci
21400806	所属专辑GO歌曲语言日语音乐时长3分46秒。《GO》是Breakerz的音乐作品，收录在《GO》专辑中。歌词BREAKERZ - GO　　作词：DAIGO　　作曲：DAIGO　　去り行く季节を越えていま　　君に逢いたくて　　始まりは何も见えぬ暗闇(やみ)　　ただ我武者らに走り抜けた　　导いたのはどんなときも　　微かに燃えてた心の炎　　去り行く季节を越えていま	play
900421	FAG 23084-B-K-MB轴承系列：调心滚子轴承品牌：FAG型号：23084-B-K-MB 。尺寸参数内径：420mm外径：620mm厚度：150mm样本图片	life
15568974	　　友尼基 EUNCE　　保罗来到特庇，又到路司得；在那里有一个门徒，名叫提摩太，是信主之犹太妇人的儿子，他父亲却是希利尼人。路司得和以哥念的弟兄，都称赞他。保罗要带他同去，只因那些地方的犹太人，都知道他父亲是希利尼人，就给他行了割礼。(徒十六1—3)	other
13287483	流氓恶少的纯情史记作者梁筱菡类型言情连载状态已完结。《流氓恶少的纯情史记》是一部言情小说，作者是梁筱菡。内容简介云淡风轻的九月,博曦外国语学院开学。安栩宣拿着通知书独自去报道,却在林荫道上撞到了恶魔王子郝佑桀。可心如止水的安栩宣,从来不对男生多说话,偏偏吸引了郝佑桀。 终于有一天,愤怒的安栩宣冲着郝佑桀咆哮:我讨厌你。只是郝佑桀不曾知道安栩宣的世界里,是禁止	webfic
14295256	餐馆名称三千粉牛肉米粉(园区印象城店)地区苏州市人均价格18餐馆类型快餐。餐馆简介适宜情侣约会、朋友聚餐、休闲小憩、随便吃吃特色服务：有露天位，有wifi，有停车位，提供在线菜单，有送餐。推荐菜金针菇牛肉粉原味牛肉粉招牌牛腩粉日式番茄粉招牌牛肉粉卤大肠招牌粉酸菜鱼份凉茶卤鸡脚牛杂米粉凉皮咖喱鸡排饭牛腩粉口水鸡酸汤鱼粉至尊粉牛栏米	poi
19109674	软件名称狰狞帝桌面主题软件平台Android软件大小5.98M价格免费。《狰狞帝桌面主题》是一款Android平台的应用。应用介绍温馨提示：魔秀主题已包含桌面主题支持软件，安装即可使用！ 使用方法： 下载主题包，请先确定安装桌面支持软件，按照提示操作完成安装（注意：安装完成后点击“完成”—>进入到主题预览界面—>点击“应用”成功应用主题）。 运行“魔秀主题”，在桌面首页（或点	sci
12221442	书名找旺铺作者吕波ISBN9787111204336页数226定价28.00元出版社机械工业出版社出版时间2007-1装帧平装。《找旺铺》是2007年机械工业出版社出版的图书，作者是吕波。内容介绍作者在剖析国内近40个实际商业地产咨询案例的基础上，系统总结行业内的经验和教训，提出了“步步为商定位模式”，并写成《找旺铺：商业地产的定位与实操》一书，希望通过在理论和实操上这两个层面的探索，能对商业地产开发商、广大投资者、普通商业经营者和品牌商家	pub
6127188	书名索眼校园作者唐明亮著ISBN7806799737页数221定价14.8元出版社接力出版社出版时间2005-8-1装帧平装开本大32开版次1印次1字数180000纸张胶版纸。作者以轻松幽默的语言、看似不经意的情节，打造了一部既扣人心弦又令人捧腹的校园悬疑幽默小说，探寻出推理悬疑小说的另一条蹊径！主人公唐明亮及其同伴被卷入一桩校园突发的离奇事件中。令人惊异的是，受害人的眼球都神秘失踪！随着“眼球失踪案”节节升级，众人在唐明亮的率内容提要唐明亮毅然决定用自己的生命，恢复校园的安宁和美丽……大姐黄易思开启通灵之能，意外发现整个事件背后暗藏玄机，结局更令人吃惊！本书将惊悚、玄怪、幽默、青春、恋爱结合起来，诙谐有趣，情节环环相扣，惊险此起彼伏，推理过程令人叫绝，结局更出人意料，展现了一个	pub
4711757	香灼油麦菜Burning incense lettuce 主料油麦菜300克配料红尖椒丝， 青尖椒丝，香菜调料海鲜酱油，生抽，酱油，色拉油。香灼油麦菜，制作简便，成菜香气浓郁，口味清淡，是一款受人欢迎的素肴。香灼油麦菜原料: 原 料：主料：油麦菜300克。配料：红尖椒丝10克， 青尖椒丝10克。调料：姜丝5克葱丝20克，香菜10克，海鲜酱油15克，生抽10克，酱油5克 ，色拉油35克。制法: （1）油麦菜择洗干净，切成5厘米长的段，入沸水锅中氽至断生后，捞出沥	life
12276066	作者江川ISBN9787543630291页数116 页定价8.8出版社青岛出版社出版时间2006年9月1日装帧平装。《四年级上册-金博士小学生习作一点通》是2006年青岛出版社出版的图书。四年级上册：金博士小学生习作一点通，ISBN：9787543630291，作者：	pub
23135036	【黑釉雕镂空(孔)】瓷器装饰工艺之一。流行于宋代。将胎泥拉坯成形或雕塑、手捏、模印成形，在适当部位镂空后，施满黑釉高温烧成。如磁州窑有张口吼叫的老虎，颈部镂孔的罐，手捏的小猴、小马、小鸟、小壶、罐、钵和玩具等。	other
187944	膝外来源《千金翼方》类型经外穴名特点灸治疬疡。经外穴名。《千金翼方》：“疬疡灸法……五月五日午时，灸膝外屈脚当纹头，随年壮两处灸，一时下火，不得转动。”《针灸经外奇穴图谱》列为经外穴，名膝外。定位在膝横纹外侧端，股二头肌前缘处。灸治疬疡。	other
20639289	所属专辑若気の至りベスト選曲集音乐时长4分19秒。《风の街を舍てて》是中村中的音乐作品，收录在《若気の至りベスト选曲集》专辑中。歌词静かな街は黙ったままで　　私を见送ります　　後ろ姿の贵方を残し　　风が通り过ぎた　　落とした物があったような　　手の平に残る淋しさ　　见送る人のいない坂道を　　振り向けないでいる　　何か忘れてきたような　　简単すぎる手荷物　　言わないままにしてきた言叶	play
1107851	薏杞粥主要食材薏米分类家常菜口味原本味 。如果你觉得自己身体有湿气，如积液、水肿，湿疹、脓疡等等与体内浊水有关的问题，薏米都是您最好的帮手。“薏仁最善利水，不至耗损真阴之气，凡湿盛在下身者，最宜用之”薏米性微凉，如果脾胃过于虚寒，四肢怕冷较重的人，还是不太适合的。薏米主要功效在于健脾去湿，健脾可以制作材料主料：薏米30克,糯米30克,枸杞子25克,山药25克制作方法1. 将薏米、糯米淘洗干净；2. 山药去皮，洗净切片；3. 将诸物放入砂锅中，加适量清水煮粥。小帖士-健康提示：1. 本品具有健康益气、滋阴固肾、补肺养胃之功效；2. 对脾肾两虚型糖尿病	life
5620848	药品名称厄贝沙坦胶囊药品类型处方药、医保工伤用药用途分类血管紧张素Ⅱ受体拮抗药。厄贝沙坦胶囊，适应症为高血压病。警示语：对本品成分过敏者禁用。　　妊娠及哺乳期妇女禁用。成份：本品主要成份为：厄贝沙坦。所属类别：化药及生物制品>>循环系统药物>>治疗充血性心力衰竭药>>血管紧张素Ⅱ受体拮抗药性状：本品内容物为白色或类白色粉末或颗粒。适应症：高血压病。规格75mg/片用	med
20311179	Colette Brown职业演员主要作品爆米花之恋合作人物达伦·费希尔。Colette Brown，演员，主要作品有《爆米花之恋》、《医生们》、《霍尔比市》。主要作品电影作品上映时间剧名扮演角色导演主演担任职务2007爆米花之恋Florence达伦·费希尔安德鲁·李·波兹，Laura Aikman演员1995蓝汁JuniorCarl Prechezer西恩·帕特维，凯瑟琳·泽塔-琼斯演员电视剧作品首映时间剧名扮	human
23548648	公司名称北京润达鸿泰管理咨询有限公司成立时间2013年01月05日总部地点北京市海淀区远大路39号1号楼五层535号。北京润达鸿泰管理咨询有限公司于2013年01月05日成立。法定代表人吴艳,公司经营范围包括：企业管理咨询；教育咨询；企业管理；企业策划；经济贸易咨询；文化咨询；会议服务；公共关系服务；承办展览展示活动；组织文化艺术交流活动(不含营业性演出)；接受金融机构委	org
17076703	日式煮羊栖菜主要食材羊栖菜,魔芋丝分类日式,煮,孤独的美食家。用料材料　　用量羊栖菜魔芋丝海带丝油炸豆腐皮猪肉料酒2大勺味醂2大勺砂糖2大勺酱油4大勺海带汁2杯做法1. 羊栖菜洗净，将水分沥干。海带汁是两杯半水里面加上干海带煮成的鲜汤。豆腐皮切丝，过开水去掉表面的油。猪肉切条。2. 炒锅放油，热后倒入猪肉煸炒熟后，倒	life
4982030	姓名格泽尔恰克Grzelczak国籍波兰出生地罗兹（波兰）出生日期1988-03-02身高188厘米体重80公斤运动项目足球场上位置前锋惯用脚右脚。格泽尔恰克的英文名为Piotr Grzelczak，是波兰的一名足球运动员，出生在波兰的罗兹，效力于罗兹维德泽夫足球俱乐部，惯用脚为右脚。个人简介代表国家队：出场0次，进0球 　欧洲三大杯：出场0次，进0球 欧洲冠军联赛：出场0次，进0球职业生涯赛季俱乐部号码出场进球国家联赛等级排名2010/11罗兹维德泽夫26波兰1赛事比赛日期比赛性质代表球队对手球队主客场比分出场时间状态进球得牌分析20	human
20028824	公司类型其他股份有限公司(非上市)登记机关广州市工商行政管理局成立时间2012年02月21日发照时间2016年09月06日。广东中标数据科技股份有限公司于2012年02月21日在广州市工商行政管理局登记成立。法定代表人陈乐华，公司经营范围包括信息系统集成服务;信息技术咨询服务;电子产品批发等。企业信息	org
18239743	上海佳配电子商务有限公司是一家通过整合汽配流通市场优质资源而成立的全国性大型汽配服务企业。总部位于上海嘉定区，占地近万平米，集产品中心、销售运营中心、市场拓展中心、人力资源中心、财务中心、IT电商中心等为一体。销售及配送网点遍布全国各地，经营奔驰、宝马、奥	org
12010122	书名尘离类别古典仙侠首发站点：创世中文网作品相关（越调）天净沙 吴云子居所。尘离，古典仙侠小说，小说作者是半杯温凉。小说信息作品名字：尘离完成字数：10万写作进程：连载中首发站点：创世中文网 小说简介一个性情乖巧却暗含倔强的少年，一个玩世不恭个性不羁的浪子。两个性格迵异的少年机缘巧合之下拜入同一个宗门，却因为一场正道之间的争斗在原先各自的命运上发生了改变。谱写了一段由修	pub
16792363	Sojourn作者R.地区日韩类型其它漫画。Sojourn是R.创作的其它漫画类漫画。漫画类型其它漫画漫画内容根据纽约时报的R. A.塞尔瓦托的畅销小说改编!讲述一个女战士的故事.非常出色的故事和绘画风格.	cul
12046868	作者Roy Latham(美)译者苏明/等ISBN9787502739973页数244定价39.00出版社海洋出版社出版时间1994-05装帧精装。《计算机图形学技术和应用词典》是1994年海洋出版社出版的图书，作者是Roy Latham(美)。内容介绍本词典中的词汇是从相关的技术中提炼出来的，其中包括图像处理、电子学、一般计算技术、视频技术、硬件工程、软件工程、工作站、色彩科学以及项目管理等。本书既面向于对图形学知之不多的初学者，又适用于图形学专业人员。作品目录如何使用本词典　　A　　B　　C　	pub
3080752	厦门锦江之星成立时间1996年隶属锦江国际集团荣誉中国经济型酒店品牌先锋”。锦江之星是亚洲规模最大的综合性旅游企业集团——锦江国际集团旗下的一家经营管理国内首创、中国最大的经济型连锁旅馆“锦江之星”的专业公司，是亚洲最大酒店集团——上海锦江国际酒店（集团）股份有限公司的子公司。公司介绍公司创立于1996年，注册资本人民币17971.29万元。从1997年第一家锦江之星开业至今，公司始终围绕市场、关注客人需求，以全心全意为客人、让客人完全满意为企业服务理念；以共商发展、共创双赢、回馈社会为企业经营宗旨；以创新发展、铸造细节、追求卓	org
14232632	餐馆名称捷胜渔港地区广州市人均价格45营业时间10:00-02:00。捷胜渔港，广州市，营业时间10:00-02:00餐馆类型潮汕菜适宜朋友聚餐餐馆简介环境“还行”，店堂“干净明亮”，服务员态度“很好”。厅内的装修也很不错，精致脱俗。餐厅的服务热情周到，服务员个个训练有素，动作非常的敏捷，服务很贴心，我和朋友去过哪里，哪里的环境很好，吃饭的同时也很享受，如果你有机会的话，	poi
14644517	半盲作者希涂小说进度连载连载网站晋江文学城。《半盲》是一本连载于晋江文学城的小说，作者是希涂。小说类型原创内容简介两条路,你选哪一条?哪一条没有沼泽?哪一条没有陷阱?哪一条通向悬崖?哪一条可以绝处逢生?还是不论如何选择都逃脱不了最终的结局?这么多选择,亲爱的,你的嘴唇嗫嚅着的是哪个?你的手指指向了哪条歧途,哪个蹊径?闭上你的眼,抛弃你的听觉,放弃你	webfic
16093966	软件名称Toys Puzzle软件平台mobile软件版本1.0.0.1运行环境Android 1.5应用类型策略游戏类。Toys Puzzle是一款策略游戏类游戏，支持Android 1.5。应用介绍玩具形状拼图是广受欢迎的一种智力游戏，它的变化多端，难度不一，让人百玩不厌。喜欢的你还在等什么呢？快来看看吧！	sci
13528723	小小504之老五篇作者拣饭儿小说进度连载连载网站起点中文网。《小小504之老五篇》是起点中文网发行的小说，作者是拣饭儿。小说类型言情小说内容简介504宿舍是一个很特别的宿舍,里面住着四个很特别的女生。她们个性不一样,却处得非常融洽,因为她们都有一个共同的特点——俗。 六个成员现在都很想谈场恋爱,找到自己的归宿。都要毕业了,都还是孤家寡人,实在是太郁闷了。姻缘天注定,强求不来	webfic
13728161	平凡而伟大的小不点作者萧萧枫叶小说进度连载连载网站起点中文网。小说类型历史军事内容简介当国家遭到侵略者的践踏,当同胞饱受侵略者的蹂躏时,我,一个爱国的学生,还怎能安心读书?国家兴亡,匹夫有责!于是,我弃文从军,加入到反抗帝国主义的队伍中来……	webfic
21330819	所属专辑Art Angels发行时间2015-11-06音乐时长1分47秒。《Laughing And Not Being Normal》是Grimes的音乐作品，收录在《Art Angels》专辑中。歌词Laughing And Not Being Normal-Grimes　　Aaaah oooh ooh ooh ooh oh　　But you can't go where they all go　　Aaaah oooh ooh ooh ooh oh	play
1444597	津巴布韦总统the President of Zimbabwe宪法制订1979年12月任期5年现任总统埃默森·姆南加古瓦。津巴布韦总统是津巴布韦共和国的国家元首。根据宪法，津巴布韦实行总统内阁制，总统同时兼任武装部队总司令，内阁成员由总统任命。职位概述2007年，津议会通过第18号宪法修正案，规定总统任期由6年改为5年，与议员任期相同；总统、议会和地方政府选举同时举行，并对议会议席数量和产生方式进行调整。现任总统2017年11月19日，津巴布韦总统穆加贝被解除执政党非洲民族联盟-爱国阵线领导人职	human
23628996	书名数字城市作者张新长、何显锦ISBN978-7-04-046798-7页数180页出版社高等教育出版社出版时间2017年2月27日装帧平装开本16开版面字数220千字CIP核字号2016281510。《数字城市》是由张新长、何显锦主编的由高等教育出版社于2017年2月27日出版的教材，该教材可以作为高等院校地学专业高年级本科生、研究生的教材，也可供城市规划和管理人员，数字城市、智慧城市研究和开发人员，以及高等院校相关专业的教师阅读参考。该书从数字城市提成书过程修订情况《数字城市》作为爱课程网视频公开课“数字城市”的配套教材，是在课程唱词的基础上编写而成的。该书第一章至第四章由张新长编写，第五章至第八章由何显锦编写，统稿由张新长完成。出版工作2017年2月27日，《数字城市》由高等教育出版社出版。出版社工	pub
7346338	7.2南京一司法局肢体冲突事件时间2013年7月2日上午人物南京六合区司法局女局长与女下属事件肢体冲突。六合区司法局副局长，在办公室内持械行凶，殴打下属，使下属受伤住进六合区人民医院脑外科，而这起背后的原因，双方各执一词。目前，南京六合区警方已介入调查处理此事。引出事件7月4日上午，南京晨报热线接到一则求助：“六合区司法局副局长，在办公室内持械行凶，殴打下属，使下属受伤住进六合区人民医院脑外科，希望媒体主持正义报道此事。各执一词女下属：我被副局长打进了医院在六合区人民医院脑外科病房内，记者见到了六合区司法局下属的	soc
10647260	制作图片软件软件类别国产软件/软件教程软件授权免费版运行环境Win7/XP/2000/2003/Vista。有图制作相册软件是为不会PS的人提供的最方便的完全免费的做照片的软件工具，软件信息：软件大小：41MB人气指数：22014软件语言：简体中文概括介绍：制作照片相册，贺卡、明信片、照片台历等等，不会PS也可以用它在几分钟内制作出非常精美的相片。软件特点：软件包含两个部分：一、创意照片制作：智能照片套图工具和无缝集成的照片编辑功能。	sci
17216376	软件名称学前午餐盒软件平台mobile软件版本1.93。运行环境支持Android 2.2应用类型影音图像类软件应用介绍学前午餐盒是用有趣的字母帮助孩子们学习的应用程序！可爱的动物朋友们会帮助你的孩子会学到不同的东西，喜欢的朋友千万不要错过，快点来下载吧。	sci
21280904	所属专辑3-7岁国语新发行时间2013-03-06音乐时长1分50秒。《快乐的猴子》是儿童歌曲的音乐作品，收录在《3-7岁国语新》专辑中。歌词快乐的猴子　　- 儿童歌曲　　耶耶，耶耶，　　耶耶，耶耶　　我们是快乐的猴子　　耶耶，耶耶，　　耶耶，耶耶　　住在南岛的森林里　　耶耶，耶耶　　有灵活的长尾巴　　耶耶，耶耶，　　耶耶，耶耶　　无忧无虑乐逍遥　　耶耶，耶耶　　我们是快乐的猴子　　耶耶，耶	play
17401041	昆明柏联SPA温泉度假酒店座落于风景如画、山水相依的昆明阳宗海湖畔，是全球经典豪华酒店组织的会员之一。创造了中国酒店业四个第一的昆明柏联SPA温泉酒店，拥有23栋与自然浑然天成、低调但不失奢华的别墅。景点介绍昆明柏联SPA温泉度假酒店座落于风景如画、山水相依的昆明阳宗海湖畔，是全球经典豪华酒店组织的会员之一。创造了中国酒店业四个第一的昆明柏联SPA温泉酒店，拥有23栋与自然浑然天成、低调但不失奢华的别墅。　　四大类型的别墅，独立、别致。完全符合对住宿奢	other
12301405	作者张士明ISBN9787501755615定价26出版社中国经济出版社出版时间2002-05-01。《固定资产投资利益论》是2002年中国经济出版社出版的图书，作者是张士明内容介绍本书是以马克思主义的经济理论为指导，借鉴西方经济学的相关理论，全面探讨了固定资产投资的本质、运行机制和利益机制。认为固定资产投资的本质是垫付较少的货币和实物资产以获取利益最大化的经济活动过程，固定资产投资运行必须强调利益约束，而固定资产投资利益是由	pub
16982970	书名建设工程造价知识树丛书:建筑工程造价出版社中国电力出版社页数260页开本16品牌中国电力出版社作者杜贵成出版日期2012年4月1日语种简体中文ISBN9787512326200, 7512326203。《建设工程造价知识树丛书:建筑工程造价》主要依据建设工程造价最新规范编写而成，以“知识树”的形式系统介绍了建筑工程定额计价、工程量清单计价的基础理论与方法，并配有大量实例。《建设工程造价知识树丛书:建筑工程造价》共分为七个主干，内容包括：建筑工程造价构成与内容简介《建设工程造价知识树丛书:建筑工程造价》内容翔实，通俗易懂，可供从事建筑工程造价编制、咨询、审计和管理等专业人员使用，也可作为高等院校相关专业师生的参考用书。图书目录前言 　　本书结构树 　　主干一 建筑工程造价构成与识图 　　分支一 建筑工程造价	pub
20429968	马克西米兰·库帕Maximillion Cooper职业制作人,导演。马克西米兰·库帕(Maximillion Cooper)，制作人、导演，主要作品《爱长存》、《三千里路》、《Gumball 3000: Drivin&#39; Me Crazy》。电影作品上映时间剧名扮演角色导演主演担任职务2008爱长存迈克·菲吉斯丹尼尔·莱派恩，索菲·温克曼制作人2007三千里路马克西米兰·库帕瑞恩·邓恩，Mike Escamilla导演制作人2006Gumball 3000: Drivin' Me CrazyC	human
22970906	楼盘名悦榕湾城市烟台市城区福山板块芝阳楼盘地址福桃路59号总户数324户型面积220~220平方米产权类型商品房产权年限70年。悦榕湾位于烟台市福山芝阳，共计房屋324户。周边配套医疗烟台农科院-皮肤病医院，象楠中医整骨医院，福山区妇幼保健院，东关卫生室，福山区医院-急诊，水清木华中西大药房，燕喜堂医药连锁(烟台福山水阳木华店)，马明仁膏药铺，烟台弘意中西医医院，福山区疾病预防控制中心教育山东省福山第一中学，烟台农科院，福山	poi
16962128	关于加强向市区国家综合档案馆移送政府公开信息的实施意见。关于加强向市区国家综合档案馆移送政府公开信息的实施意见于2008年07月03日发布。市人民政府办公厅关于加强向市区国家综合档案馆移送政府公开信息的实施意见发布时间：2008年07月03日 发布人： 浏览人数：90武政办（ 2008）81号各区人民政府，市人民政府各部门：　　为加强政府公开信息移送工作，充分发挥市、区国家综合档案馆的政府公开	soc
14925484	山打根福朋喜来登酒店Four Points by Sheraton Sandakan房间数量299酒店地址山打根酒店星级4星级。山打根福朋喜来登酒店位于沙巴|已下线，是家4星级酒店。酒店简介山打根福朋喜来登酒店位于沙巴|已下线，是家4星级酒店。酒店宽敞的客房，配有海景, 电话, 卫星频道, 平面电视, 保险箱, 空调, 书桌, 熨衣设备, 客厅角, 铺设了地毯的地板, 沙发, 衣柜/衣橱, 淋浴, 浴缸, 吹风机, 浴袍, 免费洗浴用	poi
18285278	每天都吃蛋炒饭作者轻疯类型纯爱连载平台晋江文学网。《每天都吃蛋炒饭》是轻疯创作的纯爱小说，发表于晋江文学网。作品简介这是一个平淡的故事。一个大学生在寒冬之夜捡到一个单纯的少年，带着他回家，炒了一碗蛋炒饭给他吃......	webfic
19973485	成都谢莉尔商贸有限责任公司是主营健康养生美体内衣的企业。成都谢莉尔商贸有限责任公司成立于2008年，总部位于成都市人民南路一段97号（现代之窗）4F-31号，是中国健康养生美体内衣品牌，谢莉尔以传统中医根本黄帝内经为理论基础，将中医经络气血养生理念融入健康美体内衣的设计当中，彻底摒弃欧式传统束身衣的束形原理，从	org
3787650	韦恩·亨德森国籍爱尔兰出生地爱尔兰都柏林出生日期1983-09-16体重82公斤运动项目足球所属运动队普雷斯顿足球俱乐部身高184厘米场上位置门将球衣号码22号。韦恩·亨德森是一名门将，现在效力于普雷斯顿足球俱乐部。	human
14467191	金军南犯，在江淮之间的和州、庐州、滁州等地都遭到当地山水寨中民兵的袭击，而南来政府的军队则无法堵住金军的主力。全兀术兵陷临赛(1130年)　　--------------------------------------------------------------------------------　　　　金军南犯，在江淮之间的和州、庐州、滁州等地都遭到当地山水	soc
16654160	Schaefer Frank国籍德国出生日期1963年10月26日运动项目足球。Schaefer Frank,德国籍主教练。场上位置主教练职业生涯时间　　球队　　2010 - 2011科隆2012 - 2012科隆	human
13065741	九魂大陆作者此生无道小说进度连载连载网站起点中文网。小说类型玄幻小说内容简介前世本为天山派掌门弟子的天宇,重生醒来后却意外的发现自己穿越到了九魂大陆,一个以修魂来成就强者的世界!前世天山最强高手,重生到九魂大陆后能否重塑前世的辉煌!等级划分:生魂灵魂觉魂真魂地魂王魂天魂圣魂神魂九魂归一……	webfic
16743001	陈定国，丹江口市浪河镇青莫村党支部委员。人物简介丹江口市浪河镇青莫村党支部委员违纪通报2014年12月30日11时许，丹江口市浪河镇青莫村党支部委员陈定国、村文书徐利军、二组组长明安康和浪河镇林业站工作人员刘勇在青莫村某饭店带彩打“卡五星”麻将，青莫村纪检小组组长印四新、浪河镇林业站副站长杨哲等	human
16864179	艾迪投篮表演游戏类型体育类发行日期2009-08-11游戏大小0.49M。《艾迪投篮表演》是一款体育类网页游戏。游戏介绍有时候球迷总是责怪赛场上的职业运动球员，罚不进球，其实自己亲手来试试后，才明白谁也不敢保证每一个球都能罚进啊！游戏目标在限定时间内，将更多的篮球投进篮筐吧！操作指南第一次按空格键确定投篮的力度，第二次按空格键确定准度并投篮。提示：让指示器的指针停在	sci
2455690	本名张归弁字号从冕出生地清河出生时间不详去世时间909性别男。张归弁（？—909），字从冕，清河人。始与兄张归霸、张归厚同归于太祖，得署为牙校。时太祖初镇宣武，屡命归弁结好于近境，颇得行人之仪。张归弁（？—909），字从冕，清河人。始与兄张归霸、张归厚同归于太祖，得署为牙校。时太祖初镇宣武，屡命归弁结好于近境，颇得行人之仪。乾宁中，以偏师佐葛从周御并军于洹水。光启中，又佐张存敬与燕人战于内黄，积前后功，表授检校工部尚书。大顺初，攻讨兖、郓，命归弁	human
20722015	郑州莺歌教育科技有限公司（Engol Speaking CO,LTD)是一家教育科技有限公司，公司现主要经营地址位于郑州市金水区中州大道1188号置地广场3号楼19层120号。莺歌教育以英文口语培训和外文翻译为主要业务，英文口语以成人培训主要对象，外文翻译	org
18347092	龙纹魔戒作者紫纹类型网络小说连载平台小说阅读网。《龙纹魔戒》是紫纹创作的网络小说，发表于小说阅读网。“每个人心底都有颗火种，一旦这把火点燃，任何事都可能发生！”──紫纹一个神秘的大陆，魔法和斗气兴盛的世界，除此之外，还有一种很特别的武学体系，是最强也是最弱，──血系禁诀。一个无法修炼家传斗气，被舍弃的家族庶子，意外地得到一只流传几千年的家族祖器，祖器的名	webfic
8761294	杨远龙国籍中国民族汉族出生地1982年2月性别男。兰州大学，土木工程与力学学院，讲师。研究领域为结构工程、钢－混凝土组合结构方向的教学与科研工作。基本资料姓名（中文/汉语拼音）杨远龙 /Yang Yuanlong 研究领域 结构工程、钢－混凝土组合结构方向的教学与科研工作职称 讲师专业 工业与民用建筑所在系、所 土木工程系、工程力学研究所通讯地址兰州大学土木工程与力学学院，730000个人履历主要学	human
13245714	萌爱部落作者洛卿小说进度连载连载网站红袖添香网。《萌爱部落》是连载在红袖添香网的小说，作者是洛卿。小说类型言情小说内容简介天才萌女慕靖萌,阴差阳错来到古代成为了公主;出宫游玩,结果遭遇危险,幸得洛启洋洛少相救,死皮赖脸,借住洛家堡,搞笑老爷夫人牵系姻缘……	webfic
13377199	狐作妃为:误惹嗜血暴君作者妖凰小说进度已完结连载网站3G书城。《狐作妃为：误惹嗜血暴君》是3G书城连载的小说，作者是妖凰。小说类型言情小说内容简介重生于异世,她变成了九尾狐,外带拖油瓶一只,附赠麻烦无数,偏偏又一不小心惹上了俊美嗜血的年轻帝王。第一次见面,她被他吃干抹尽;第二次见面,她被他重金买下;第三次见面,她成了他的小宠物;第四次见面,她被他诱拐进宫成了他的皇妃;第五次.	webfic
6277762	方程式赛车SR-T所属游戏跑跑卡丁车赛车级别第六代（SR）发售时间2010.07.01起。方程式赛车SR-T是一款跑跑卡丁车游戏中的车型。概况所属游戏：跑跑卡丁车方程式赛车SR-T赛车级别：第六代（SR）中文名：方程式赛车SR-T发售时间：2010.07.01起（仅在2010.07.07前限时销售）售价：10天/15000金币 30天/27000金币 无限制/400游戏币功能：竞速赛中加速变	sci
14431710	商海沉浮中的现代小攻作者lililicat小说进度连载连载网站晋江文学城。《商海沉浮中的现代小攻》是连载于晋江文学城的小说，作者是lililicat。小说类型近代现代内容简介楚剑默是一位在无情的商海中拼搏开拓的强大小攻,拥有辉煌无比的事业。 但是他却被各种烦恼缠身……	webfic
14251951	餐馆名称郭记烤肉吉大店地区长春市人均价格44营业时间09:00-23:00。餐馆类型烧烤适宜商务宴请、休闲时光、休闲小憩、随便吃吃、情侣约会、家庭聚会、朋友聚餐餐馆简介特色服务：是老字号，有停车位，提供在线菜单，有夜宵，有wifi。推荐菜韩式烤牛肉美肥烤牛肉黑椒牛肉酸菜辣烤梅肉五花肉金针磨鱼丸郭记大拼盘大块肥牛肥牛肉筋三角肥牛金针	poi
19758631	093B型攻击核潜艇国家中国鱼雷管6个。近日出版的《人民海军报》刊登了一张093B型攻击核潜艇的照片，这是我国官方媒体首次公开这型核潜艇的照片。此前外媒根据卫星照片推测，我军现在已经装备两艘该型核潜艇，该艇除了在水声电子、安静性能方面比093原型艇有所提高，最大特征是在指挥台围壳后方有巡航导弹垂潜艇简介艇体侧面有新的突出物，此外可以注意到，艇体侧面流水孔的位置与093原型艇相比也有改动，突出物可能与某种水声装置有关，这表明093B型仍对水下攻防能力有很高要求，并非如苏联“奥斯卡”级那样的专门用于攻击航空母舰的巡航导弹核潜艇，而是类似俄罗斯“亚森”	hist
22582026	保险调查是危险认识的一种方法。这种危险认识的方法主要是依靠保险公司的专业人员，就保险标的可能遭遇的各种危险，加以详尽的调查与分析，然后作成调查报告，以供当事人参考。例如企业所需的财产与责任保险调查，应包括所有建筑物及其内部财物的详细说明 (每一项目的估价、建筑物的特征、周围环境与保护设施等)，各种可能损失的分析，改造损失预防设施，调整现有保险的建议等。	other
18161663	没犬牙的僵尸作者月球小蚂蚁连载平台起点网。《没犬牙的僵尸》是月球小蚂蚁创作的网络小说，发表于起点网。作者月球小蚂蚁作品简介我叫岳宁，我是一个僵尸。 我杀过很多人，救过很多鬼。 我杀人不是因为仇恨 我救鬼不是因为善念 只是因为我饿 我是岳宁，别怕我，我只是一个僵尸。 — 打造尸修跟传统修真的巅峰对决，不11，不11，打造东方痴情僵尸。 还请各位看官投个推荐	webfic
22777291	三州都巡检使性质古代官名朝代宋朝职能控制溪峒。三州都巡检使，官名。宋朝沿边溪峒有都巡检使。南宋时于海南琼管及归、峡、荆门等处，置水陆都巡检使或三州都巡检使，控制溪峒。	hist
6087644	如家快捷酒店沈阳云峰北街店位于沈阳市铁西区云峰北街毗邻沈阳市交通主干线建设大路距离机场约27公里。如家快捷酒店沈阳云峰北街店是一家经济型酒店，位于沈阳市铁西区云峰北街。酒店介绍如家快捷酒店（沈阳云峰北街店）位于沈阳市铁西区云峰北街，毗邻沈阳市交通主干线建设大路，距离沈阳火车站及长途汽车站仅约2公里，距离机场约27公里，交通便利，地理位置优越。周边购物便利，娱乐设施齐全“家乐福超市云峰店”、“同一首歌KTV”、“创声KTV	poi
17424771	软件名称难忘初恋动态壁纸软件平台mobile软件版本1.0运行环境Android 2.1应用类型壁纸美化类。应用介绍推荐给大家一款非常不错的壁纸：难忘初恋动态壁纸，该款动态壁纸收集了网络中绝美罕见高晰的图片，通过简单个性化的设置，即可让您的手机桌面更加独特与美观！　　功能描述：　　1：触屏动画(手机屏幕触摸的特效)　　2：动画强度(动画效果速度与数量的设置)　　	sci
19173146	张少华民族汉族出生日期1962年12月职务全椒县襄河镇人大主席。张少华 男，汉族，1962年12月生，籍贯安徽全椒，省委党校研究生学历，中共党员。现任全椒县襄河镇人大主席。人物信息滁州市全椒县委群众工作部（县信访局）部长（局长）、党组书记，县委办公室副主任（挂职），县政府办公室副主任（挂职）；2016年4月任全椒县襄河镇人大主席。任免信息2016年4月，张少华同志任全椒县襄河镇人大主席。	human
16080016	应用名称少女情怀系列应用平台mobile应用版本3.0。运行环境支持Android 2.0应用类型书籍阅读类软件应用介绍少女情怀系列(一)收集了《夏娃的女儿》、《睡美人》、《花的日记》等6部精典少女系列小说，让您阅在其中，乐在其中！《花的日记》闪动在树梢上的阳光已与冬日的阳光大相径庭。天空是那么晴朗亮丽，恍若在	sci
19560175	卡士奇8G SDHC商品毛重10.00g商品产地中国大陆容量8G。规格参数主体品牌卡士奇类型MicroSD（TF）适用型号通用规格容量8G最高读取速度15MB/秒最高写入速度4MB/S速度级别Class 4包装清单卡士奇TF闪存卡 × 1	life
19926290	中文学名两优3057界植物界属稻属种稻。品种（生态）类型：中籼两系杂交稻品种审定编号：皖稻2016030申请人：安徽省皖农种业有限公司育种人：安徽省皖农种业有限公司安徽荃银高科种业股份有限公司品种来源：03S（来源于广占63－4S×多系一号）×YR1057（来源于安选6号//安选6号/R83）特征特性2013年、2014年两年区域试验结果：平均株高118.1厘米、亩有效穗15.6万、每穗总粒数194.6粒、结实率83.3%、千粒重27.3克。全生育期141天左右，比对照品种（Ⅱ优838）晚熟1天。抗性表现：经安徽省农业科学院植保所抗性鉴定，20	nature
19734899	玛提斯登场作品噬血狂袭性别男。由日本小说家三云岳斗著作的轻小说及动漫作品《噬血狂袭》中的角色。角色介绍于小说第九卷登场。「简福斯」的成员，与安洁莉卡·哈米达同为「魔义化步兵」，擅长近身战。被迪米托里叶·瓦托拉部下特毕亚斯·加坎所杀。	human
16884827	撞击狡猾小球游戏类型敏捷游戏平台PC游戏大小0.35M。《撞击狡猾小球》是一款敏捷类网页游戏。游戏介绍得意的小球正在猥琐的躲在桌子后面嘲笑你，看到它想不想将它抓住，快控制你的白球想办法撞到它吧。游戏目标控制白球快速的撞击狡猾的小球吧！操作指南游戏中使用鼠标操作，点击反方向拖动小球松开小球弹出。	sci
19522711	《寒战9》是一部由郭富城、梁家辉出演的影片，此次出席发布会上，主演上演“制服诱惑”：除了周润发、文咏珊一身律师装，郭富城、梁家辉携其他主演身穿香港警队警服上台，再现片中香港警察的英姿。郭富城等主创在详解片中新的人物关系之时，还一本正经地透露，出品人江志强”	play
17575837	杨卫胜，男，现任上海石油化工研究院副总工程师兼开发设计部主任。科技技能杨卫胜主持开发了具有自主知识产权的苯和丙烯制异丙苯、合成气制乙二醇、甲苯歧化与烷基转移、连续法生产聚醚多元醇等成套技术。异丙苯成套技术在天津石化首次工业应用成功。完成了20万吨/年合成气制乙二醇装置工艺包开发。甲苯歧化成套技术已在7套工业生产装置成	human
22567246	货币国控论是西汉的桑弘羊提出的关于货币铸造权的理论。主张货币铸造权应集中于中央政府，地方不得铸钱。桑弘羊(公元前152～前80年)，西汉杰出的大理财家。他在财政经济方面的最大成就，是积极协助汉武帝制定并推行盐铁官营、酒类专卖、统一铸钱、均输平准、屯田戍边等汉朝从建立到武帝初年，货币铸造权一直分散于郡国，以致于币制紊乱，币值低落，不仅“市肆异用，钱文大乱” ( 《汉书，食货志下》) 而且私铸严重，“奸贞并行” (《盐铁论·错币》)通货不断贬值，“钱益多而轻”，“物益少而贵” ( 《史记·平准书》) 文、景、武	other
416884	关龙逄别名豢龙国籍夏朝民族夏族出生地河南省长垣县恼里镇出生日期前1713年（廑19年）逝世日期前1620年（桀32年）职业夏朝宰相信仰天道主要成就两朝夏相，华夏史上第一个以死谏君的忠臣。关龙逄（前1713年—前1620年），生于夏廑19年，卒于夏桀32年，中国历史上第一位名相，因为进谏忠言而被杀，享年93岁，做了发、桀两代夏王的相。故里在今恼里镇龙相村。古时此地称龙城，原有一座大墓，墓前有祠，那就是夏朝末年中国第一位以死谏君的忠臣关龙逄的人物经历说法一据档案馆文献史料记载：关龙逄也称豢龙，是古代豢龙部族的后代。夏桀荒淫无道，不理朝政，筑倾宫饰瑶台，远贤臣，亲小人，谏者皆杀之。夏桀终日与美女妺喜寻欢作乐，对妺喜言听计从还十分狂妄地把自己比作永远不落的太阳。对于夏桀的暴行，作为夏朝的大夫、贤臣	human
17817574	班长的日常作者飞天彩虹猪类型网络小说连载平台晋江文学网。《班长的日常》是飞天彩虹猪创作的网络小说，发表于晋江文学网。作品简介赵晴这班长是当的快疯了，一群兄控妹妹，一群班上的妖妇，还有两个妖妇头子美术老师和音乐老师，这班长当个屁啊，不过不当谁当啊，凑合当吧。就这样，一场大戏开演了……	webfic
1618204	千页豆腐qianyetofu别称冷冻豆制品、速冻豆腐主要原料大豆蛋白粉，木薯淀粉，色拉油，水是否含防腐剂否主要营养成分蛋白质，脂肪，碳水化合物，钠主要食用功效预防动脉粥样硬化，补充大豆蛋白适宜人群男女老少皆宜，儿童老年均可储藏方法-18°C 冷冻储存原产地江苏省苏州市。千页豆腐是一种素食新产品，广泛流行于大陆沿海城市及北方地区，采用台湾的新型豆腐制作工艺，以大豆蛋白粉及淀粉为主要材料精制而成，是一种富含蛋白质的料理食材。千页豆腐不仅保持了豆腐原本的细嫩，而且新增了Q弹和爽滑的特性，且经久耐煮，吸汁入味，能给适合煎、炸、卤工艺特点具有超强的汤汁吸收能力，配合现代厨艺，可以做出高品质的新时尚美味佳肴来，可以煮、炒、煮、蒸、火锅等，原料简单，却摆盘精致，很显档次，千页豆腐吃起来又弹又滑，口感鲜美。千页豆腐的吃法很多，既可以单独成菜，又可以作主料、辅料，或充作调料；适合多种烹调方	life
18344803	作者孟郊年代唐。朱弦奏离别，华灯少光辉。物色岂有异，人心顾将违。客程殊未已，岁华忽然微。秋桐故叶下，寒露新雁飞。远游起重恨，送人念先归。夜集类饥鸟，晨光失相依。马迹绕川水，雁书还闺闱。常恐亲朋阻，独行知虑非。	cul
8809154	书名智力开发第一书·IQ训练300题装帧平装开本16语言简体中文。《智力开发第一书·IQ训练300题》是光明日报出版社在2011年8月1日出版的图书。图书信息出版社: 光明日报出版社; 第1版 (2011年8月1日)108页读者对象: 7-10岁ISBN: 7511213693, 9787511213693条形码: 9787511213693尺寸: 28.2 x 20.8 x 1 cm重量: 358 g	pub
17798028	至尊大主宰作者无心大虾类型玄幻连载平台17K小说网。《至尊大主宰》是无心大虾创作的网络小说，发表于17K小说网。我们望着同一片天空,却活在不同的世界里!曾经是曾经,曾经沧海难为水;现在是现在,现在至尊大主宰!四古圣,七星尊,九转功成,实力为尊!柴废少年,偶得机遇,风华正茂,暗地崛起。不为千苍主沉浮,昔日嘲讽难为风,少年,少年、苦求天下难得志,悉遂莫言少年穷!	webfic
5001761	过渡层The transition layer类型材料属于砌体结构。过渡层是一种建筑材料，属于砌体结构的一种。底部框架一抗震墙砌体房屋的第二层、底部两层框架砌体房屋的第三层均为过渡层，其受力比较复杂，担负着传递上部地震剪力和倾覆力矩的作用。从已有的试验结果及各类震害来看，过渡层的砌体墙开裂先于其他楼层的砌体墙，是破坏集中的楼层，在设计中应采取相应的抗震措施提高墙体	other
14362278	穿越到唐朝当大将军作者荒落天使小说进度连载连载网站17k小说网。《穿越到唐朝当大将军》是17k小说网连载的小说，作者是荒落天使。小说类型历史穿越内容简介一个在A市的高中生,在某个夜晚梦中惊醒之后,发现自己在楼顶,他被神奇的力量推下楼顶,最终奇迹出现,他穿越到唐朝时代,在一次因误解被打入大牢,流放到一个神秘小岛,在那里勤奋练武,五年后他被一个商船所带走,重返中原,参加武状元,被选之后	webfic
8086522	书名机电与数控专业英语作者蒋忠理出版社机械工业出版社出版时间 2010-02-25。该书介绍了机电与数控专业有关的英语知识，内容包括工程制图，机械零件，同电控制及可编程控制，数控机床结构、原理、操作、安全维护与故障诊断，数控编程，计算机辅助设计与制造，通信技术，招聘广告，求职面试及专业对话等内容。图书信息ISBN: 7-111-09453-0开本： 16开定价: 23.00元内容简介本书介绍了机电与数控专业有关的英语知识，内容包括工程制图，机械零件，同电控制及可编程控制，数控机床结构、原理、操作、安全维护与故障诊断，数控编程，计算机辅助设计与制造，	pub
21256440	公司类型有限责任公司（自然人独资）登记机关郑州市工商行政管理局金水分局成立时间2005年05月11日发照时间2011年09月08日。郑州润博实业发展有限公司于2005年05月11日在郑州市工商行政管理局金水分局登记成立。法定代表人郭继兵，公司经营范围包括特种润滑油、清洗剂的生产加工和销售；销售：其他化工产品（除危险化学品）等。企业信息	org
22227199	成立时间2017年11月20日公司性质有限责任公司(自然人投资或控股)登记机关合肥市工商行政管理局。安徽中企工程咨询有限公司于2017年11月20日成立。法定代表人宋琳,公司经营范围包括：工程咨询，工程项目管理，招标、投标代理，采购代理，造价咨询，建设项目规划管理，工程项目策划咨询，建设项目可行性研究，房地产咨询服务，工程信息技术咨询服务，招商代理，政府	org
13242739	寻龙天下作者寻龙老人小说进度连载连载网站起点中文网。《寻龙天下》是连载于起点中文网的一本灵异怪谈类小说，作者是寻龙老人。内容简介徜徉于神奇的道法术数之间,流连于古老的历史传说之中。龙!作为中国最为神异的一种古老传说,到底是图腾的崇拜所产生的虚幻还是真实存在的现实生物呢!以老北京锁龙井的传说作为本书源头,告诉你这个世界关于龙的种种神奇故事,解开历史的谜团,走进神龙的世界!这里	webfic
15766825	书名无为胜有为：老子究竟说什么？类型社会科学出版时间2010-08-01纸书价格38.0作者叶舟版权北京阳光秀美图书有限责任公司书号978-7-8076-3441-6。《无为胜有为：老子究竟说什么》是2010年社会科学出版社出版的图书，作者是叶舟。古代王侯将相的的治世法宝，当代成功人士的心灵鸡汤。影响推动西方哲学发展的中国圣贤，莱布尼茨、康德、黑格尔均深受其影响。老子是我国古代伟大的思想家、哲学家，他是道家学派的创始人，世界百位历史文化名人之一，美国《纽约时报》列其为世界十大古代作家之首。老子的不朽	pub
5925488	坦克大战3D游戏类型休闲竞技游戏平台网页游戏开发商天空游戏发行商天空游戏发行日期2013年2月6日游戏状态封闭测试。《坦克大战3D online》是一款具有3D画面和效果的竞技类网页游戏，由天空游戏制作并发行。游戏设定《坦克大战3D》是一款非常不错的3D游戏，在战斗中及时的炸掉敌方的坦克。《坦克大战3D》中驾驶你的坦克，代号‘阿尔法‘，你将面对各个方阵的坦克，炸弹，枪支甚至更多。当敌方的坦克出现在视野内，立刻用你的主火力展开攻击。当你需要的时候，用你的导弹来打掉	sci
20428099	《教训：O2O创业小败局》是张雪松编辑出版的图书。书籍信息教训：O2O创业小败局作　者：张雪松/著ISBN：9787515911779出版时间： 201610 版　次：1版1次装　帧：平装 开　本：16开页　数：216 字　数：180千字定价：￥39.8元内容简介本书分9个章节，全书围绕O2O公司创业兴衰	pub
5909584	孔径测光aperture photometry定义小天区进行的光度测量应用学科天文学。中文名称 孔径测光英文名称 aperture photometry中文名称：孔径测光；英文名称：aperture photometry；定义：对由焦平面光栏或像处理系统所选取的小天区进行的光度测量。；应用学科：天文学。如图，第一个小的圆形区域把fits文件中的一颗星圈起来，统计总的亮度，再减去最外大圆的中值（即天光），就	nature
2481389	CBD床垫CBD Matress所属公司CBD家居特点原生态 环保。CBD床垫，即CBD寝具。CBD打造的是全中国原生态的环保床垫，所有床垫里面不含胶水。CBD所有用材用料都是根据欧洲低碳生活标准来设计的。 床架边框和排骨架底座采用碳化纳米竹君材料。简介世界只有一个意大利，中国只有一个CBD。中国深圳 意大利米兰 CBD总部经过十几年的合作、交流、学习，2011年CBD寝具成立了世界级软体家具开发研制中心，研发中心汇集了意大利多名顶级设计师、健康睡眠专家。发展概要CBD寝具创业之初，就引进了意大利顶级	other
15589922	《提倡节育》是刘少奇在召集国务院第二（文教）办公室、卫生部、轻工业部、商业部、中共中央宣传部、中华全国民主妇女联合会等单位负责人座谈节制生育问题时的总结讲话。关于节育问题，我们党、我们的卫生机关和宣传机关，是提倡还是反对？有些人是反对的，有的人还写了反对文章。现在我们要肯定一点，党是赞成节育的。为什么要赞成而不反对？这个道理列宁已经讲过。苏联在革命胜利后，经济尚未恢复和发展，人民生活很苦，无产阶级生活更苦，小孩	other
20604172	剑灵同居日记作者国王陛下类型仙侠连载状态连载中（但已经停更）连载平台起点中文网最新章节第185章 智商不足呼吸都是错是否出版否首发日期2017年3月31日。《剑灵同居日记》是连载于阅文集团旗下起点中文网的一部仙侠类网络小说，作者是国王陛下。修仙觅长生，热血任逍遥，踏莲曳波涤剑骨，凭虚御风塑圣魂！作品简介“天外神剑剑灵，应呼唤而苏醒，我问你，你就是我的坐骑么？”　　一个无敌的随身剑灵与天才美少女（们）的同居故事。作者简介国王陛下，阅文集团签约作家，代表作品有《从前有座灵剑山》《崩坏星河》网文特点：严肃写实，内涵丰富，三观端正。（雾）自称80后非主流	webfic
18941863	软件名称手绘潮男91桌面主题软件平台Android软件大小13.76MB软件语言中文。《手绘潮男91桌面主题》是一款Android平台的应用。应用介绍酷酷的感觉。【注：在91助手下载（安卓锁屏）和（91通讯录），只有安装了锁屏、拨号和信息界面的美化效果才能显示哦!】支持版本2.1及以上固件版本	sci
431821	书名便秘奇效良方作者王石红ISBN9787509108246页数293出版社人民军医出版社出版时间2007-5-1装帧平装丛书名奇效良方丛书字数229000纸张胶版纸。《便秘奇效良方》是2007年丛书名奇效良方丛书作者王石红主编人民军医出版社出版时间2007-5-1版次1页数293字数229000印刷时间2007-5-1纸张胶版纸ISBN9787509108246包装平装出版的图书，作者是王石红。内容简介本书是“奇效良方”系列丛书中的便秘分册，是一本较为系统地总结运用中医药方法治疗便秘的临床参考书。全书共有良方近300首，包括中药内服方、中药外用方、针灸疗法、推拿疗法、综合疗法等，反映了10余年来中医临床治疗便秘的新进展和新成果，内容翔实、易学易懂	pub
4677846	阴魔拼音yīn mó注音ㄧㄣ ㄇㄛˊ解释妖魔鬼怪。《阴魔》是一个汉语词语，读音是yīn mó，是指妖魔鬼怪。金 丘处机《无俗念·述怀》词：“羣山四渎，暮天晴、挥斥阴魔潜伏。”元 王恽《灵岩寺二十六韵》：“鸡警阴魔暴，僧驯怒虎眈。”	cul
14326270	餐馆名称鱼之味梭边鱼地区泰州市营业时间10:00-13:00,17:00-次日00:30。梭边鱼火锅是近几年非常流行的鱼火锅系列之一，先后在北京、上海、广州、成都一带掀起了一股鱼火锅的美食风暴，梭边鱼火锅不但具有鱼头火锅的特色口味和特点，同时也具备冷锅鱼不燥而爽口的特色，采用独特的配方香料经过特殊工艺炒制而成的特制鱼火锅底料。餐馆类型火锅餐馆简介在主料上选用了肉厚无刺，皮滑肉嫩、肥美味浓，营养价值极高，具有大鲜、大补的野生梭边鱼为主要食材，梭边鱼火锅的特点是辣而不燥、口感爽滑细腻、鱼肉嫩而鲜美，再配以原汤特制的味碟而别具一格的风味特色。推荐菜纯生啤酒红汤梭边鱼猪脑奶茶　　　　地	poi
6716749	丛乐出生地北京毕业院校清华大学主要成就2008年度清华大学特等奖学金。丛乐，清华大学2005级电子工程系本科生，2008年度清华大学特等奖学金获得者。2005年，丛乐以优异的高考成绩考入清华大学的热门专业——电子工程系，并担任无510班的班长。大一学年，学分积高达91.1分，可以说一帆风顺。然而就在这个时候，丛乐却选择了转系。从此进入一个新的班级，进入一个新的领域——生物系，一切都从头开始。　　刚到生物	human
23753346	张泽逵zekui 别名泽逵国籍中国民族汉出生日期1986年6月13日毕业院校清华大学美术学院空间环境艺术设计高级研修班职务设计师就职企业北京尚品怡园装饰主要成就荣获2019年金创意奖国际空间设计大赛-TOP10优秀设计师奖,荣获2019年金创意奖国际空间设计大赛别墅豪宅类-国际创新设计奖,荣获2018-2019年度中国室内设计杰出青年设计师。张泽逵，艺名ZEKUI泽逵，国际空间设计-TOP10优秀设计师，泽逵空间设计（上海）有限公司法人，中国装饰协会会员被评为高级住宅室内设计师张泽逵，中国80后设计师尚品怡园装饰首席设计师，2019年设计师张泽逵：走进清华进修清华大学美术学院举办的空间环境艺术高级研修班获奖记录荣获2019年金创意奖国际空间设计大赛-TOP10优秀设计师奖荣获2019年金创意奖国际空间设计大赛别墅豪宅类-国际创新	human
13420460	极域理发师作者圭定小说进度连载连载网站起点中文网。《极域理发师》是连载于起点中文网的都市言情小说，作者是圭定。小说类型都市言情内容简介一个当代富家公子却为情所困 自杀不成还穿越到一个无名小国 本想改头换面过完一生 水知道遇上一群心怀不轨的"恶人"无奈被逼上梁山 只好露出少爷我本不善良的本性 和这一群"恶人"一起图谋不轨……	webfic
17408974	软件名称圣诞节小笑话软件平台mobile软件版本1.0运行环境Android 1.5应用类型休闲益智类。《圣诞节小笑话》是一款休闲益智类游戏软件，支持Android 1.5。应用介绍圣诞节小笑话Christmas Jokes是一个装满睿智笑话的小游戏。游戏里面囊括了315个小笑话，它们有的让人忍俊不禁，有的让人掩卷深思，是愉快度过圣诞节的必备小游戏。	sci
6334769	智能保温转盘起源普通玻璃转盘时间2011年类型转盘。智能保温转盘，普通玻璃转盘，2011年转盘市场最新产品 ，可使饭菜保温在健康的温度，减少因菜温减少而营养下降，可做为酒店、饭店各类餐饮场所餐桌的配套工具简介智能保温转盘，2011年转盘市场最新产品 ，可使饭菜保温在健康的温度，减少因菜温减少而营养下降，可做为酒店、饭店各类餐饮场所餐桌的配套工具，有效增加餐饮场的经营档次，提升品牌形象，带给消费者新的餐饮享受。历史发展普通玻璃转盘——电动转盘——智能保温转盘	other
24127623	筏子口社区行政区类别村所属地区山东省潍坊市地理位置山东省潍坊市潍坊滨海区经济开发区大家洼街道。筏子口社区，隶属于山东省潍坊市潍坊滨海区经济开发区大家洼街道。获得荣誉2019年10月22日，筏子口社区被授予“山东省森林村居”称号。	poi
20538455	公司类型有限责任公司登记机关浦东新区市场监管局成立时间2009年5月14日发照时间2009年5月14日。上海长森堡置业发展有限公司于2009年5月14日在浦东新区市场监管局登记成立。法定代表人陈娜，公司经营范围包括房地产开发经营，实业投资，物业管理，投资咨询等。企业信息	org
21603725	审结日期2017年4月10日文件类型裁定书审理程序一审。武汉幸运星管理咨询有限公司诉武汉红达利亿科技有限公司服务合同纠纷案是2017年4月10日在湖北省武汉市东湖新技术开发区人民法院审理的案件。案由民事、合同、无因管理、不当得利纠纷、合同纠纷、服务合同纠纷权责关键词民商事、权责情节、代理、民事责任规定、合同、诉讼关键词、审判程序、撤诉案例原文湖北省武汉东湖新技术开发区人民法院民事裁定书原告：武汉幸运星管理咨询有限公司。法定代表人：王瑞芳，该公司总	soc
16408004	书名性别正义视域下当代中国女性参政研究出版社南京师范大学出版社页数270页开本16作者牛天秀 赵晖出版日期2014年2月1日语种简体中文。《性别正义视域下当代中国女性参政研究》内容简介：《性别正义视域下当代中国女性参政研究》是作者精心为广大读者朋友们编写而成的此书，可以让更多的人了解到更多的知识，从而提升自我的知识水平。《性别正义视域下当代中国女性参政研究》中的知识，可以让更多的人了解到更好基本介绍内容简介《性别正义视域下当代中国女性参政研究》由南京师范大学出版社出版。作者简介牛天秀，辽宁北镇人，南京师范大学公共管理学院青年教师、博士，北京大学访问学者，兼任江苏女性人才研究中心副秘书长。主要研究方向为性别政治学，在《江海学刊》等期刊报纸发表论	pub
4724392	GSL430火箭破障车国家中国作用快速扫除敌防步兵雷场领域军事。我国GSL430型轻型火箭破障车是在充分吸收美、英等西方发达国家轻型破障装备成功经验的基础上，通过自主设计研制成功的一种新型工兵破障装备。它主要用于在进攻战斗中伴随步兵和摩托化部队行进作战，适用于濒海登陆作战、山地进攻作战等战斗中快速扫除敌防步兵雷场，为我性能特点GSL430型轻型火箭破障车在设计上着重突出了“轻便、快捷、大威力”的设计思想，其性能特点主要体现在以下两个方面。结构结构简单、机动性强该车由基础车、火箭爆破器、发射装置、电气控制系统和防护装置等五大部分组成。基础车采用经改进的国产BJ2032S吉	hist
20266838	Ryan Vigil职业演员。Ryan Vigil，演员，主要作品《White T》、《我们就是派对》、《请选康纳》。电影作品上映时间剧名扮演角色导演主演担任职务2013White TSkater KidLance FrankJamal Mixon，Jerod Mixon演员2012我们就是派对Que马里奥·范·皮布尔斯Mandela Van Peebles，Simone	human
12175189	ISBN9787502416249页数261定价24.00出版社冶金工业出版社出版时间1995-05装帧平装。《钢铁冶金实验技术和研究方法》是1995年冶金工业出版社出版的图书。作品目录　　第一章 实验设计及数据处理　　第一节 冶金试验研究工作的程序和步骤　　一、试验研究工作程序　　二、钢铁冶金工艺试验步骤　　第二节 试验设计及常用设计方法　　一、排列组合设计　　二、因素转换法　　三、正交试验设计法　　第三节正交试验设计应用　　一	pub
769441	2012款卡罗拉 1.8L GL-i 炫装版 MT款型2012排量1.8(L)轴距2600(mm)。2012款卡罗拉 1.8L GL-i 炫装版 MT是丰田公司生产的一款轿车基本信息产地属性国产级别属性紧凑型车最高车速(km/h)2050-100加速时间-工信部综合油耗6.9百公里耗电量-保修政策三年或10万公里车身参数长/宽/高(mm)4545*1760*1490前轮距(mm)1525后轮距(mm)1520最小离地间隙(mm	life
23439561	杨明奎，曾任汉中市人大常委会人事代表选举工作委员会主任。人物履历曾任汉中市人大常委会人事代表选举工作委员会主任。任免信息2019年4月23日，汉中市第五届人民代表大会常务委员会第十七次会议通过，免去：杨乾坤的汉中市人大常委会人事代表选举工作委员会主任职务。	human
14110418	直播热zhibore。直播热是指微博直播、论坛直播等各种类型的网上直播现象。直播广播电视词典对直播界定为“广播电视节目的后期合成、播出同时进行的播出方式”。按播出场合“可分为现场直播和播音室或演播室直播”。电视现场直播为“在现场随着事件的发生、发展进程同时制作和播出电视节目的播出方式。……是充分体现广播电视媒介传播优势的播出方式。	other
5642499	名称林堡伏击战地点郑家庄时间郑家庄伏击战中被八路军俘虏。1944年6月24日参战方日军，八路军结果全歼日军官本秀雄小队43人，俘虏伪县长、伪军及随从人员19名。伤亡情况八路军，排长鲁连成等20名干部战士壮烈牺牲。兹县伪县长廖继仟在郑家庄伏击战中被八路军俘虏。1944年6月24日，日本侵略军驻保定步兵66旅团长佐久间胜特命日军驻鑫县的官本秀雄小队亲赴保定迎接新伪县长到鑫县上任。冀中军区24团、34区队和博野县大队获悉这一情报后，决定再打它一个伏击。林堡伏击战　　兹县伪县长廖继仟在郑家庄伏击战中被八路军俘虏。1944年6月24日，日本侵略军驻保定步兵66旅团长佐久间胜特命日军驻鑫县的官本秀雄小队亲赴保定迎接新伪县长到鑫县上任。冀中军区24团、34区队和博野县大队获悉这一情报后，决定再打它一个伏击。　　	hist
21499533	所属专辑Love Songs音乐时长2分51秒。《For Your Precious Love》是Otis Redding的音乐作品，收录在《Love Songs》专辑中。歌词Your precious love, now　　Me moan to me　　They didn't love,　　they didn't love would ever be,　　me　　For when i wanted you,　　oh now	play
23477304	文富珠出生日期1901年逝世日期1928年籍贯江西省宁冈县。文富珠（1901年-1928年），男，江西省宁冈县人。生前为红四军三十二团战士，1928年在湖南省灵县污渡突围被敌军打死。人物生平生前为红四军三十二团战士。牺牲情况1928年在湖南省灵县污渡突围被敌军打死。	human
17264223	软件名称画皮动态壁纸软件平台mobile软件版本1.0运行环境Android 2.1应用类型壁纸美化类。《画皮动态壁纸》是一款壁纸美化类的软件，支持Android 2.1系统。应用介绍画皮高清动态壁纸[1.0]　　画皮高清动态壁纸，唯美东方玄幻爱情故事，演绎的爱情路上的曲折。	sci
7446640	伊莱克斯EMD80-N15-1C041加热方式电热水器控制方式电子控制产品容量80L。伊莱克斯EMD80-N15-1C041，电子控制，横式安装，多路供水方式，单管双功率。产品简介主要参数　　　　　　　　水温调节0-75度℃　　　　安装方式横式　　　　基本参数　　加热方式电热水器控制方式电子控制水温调节0-75度℃内胆材料蓝晶硅三层特护内胆产品容量80L安装方式横式电源性能220V/50HZ产品重量29kg其他特点多路供水方	life
22799446	北外都水丞性质古代官名朝代宋朝职能掌北外都水丞司之事。官名。宋神宗元丰 (1078—1085) 改制置，员一人，隶都水监，掌北外都水丞司之事。哲宗元祐五年 (1090)，定三年为一任。元符三年 (1100)罢，其事归漕臣。徽宗重和元年 (1118) 复置，宣和三年 (1121) 再罢。南宋高宗绍兴九年 (11	hist
20254053	Larry Kenney职业演员代表作品《霹雳猫》合作人物Corey Burton。Larry Kenney是一名演员，代表作品有《霹雳猫》等。主要作品首映时间剧名扮演角色导演主演担任职务2011霹雳猫King Claudus (2 episodes, 2011)Corey Burton埃曼纽尔·施莱琪演员	human
18210722	异界之魔法阵师作者三脚蚂蚁连载平台起点网。《异界之魔法阵师》是三脚蚂蚁创作的网络小说，发表于起点网。作者三脚蚂蚁作品简介“小兄弟慢着！我看你骨骼精奇，乃是万中无一的魔法奇才！我这儿有一本神书，你学会之后就天下无敌了……”    “你确定你是魔法师？”  “废话！”  “但你的身体是废材型的啊。”  “废不废材我不知道，反正你肯定废了。”  “啊……” 求	webfic
8657477	南北桥芯片South Bridge/North Bridge负责I/O总线之间的通信代表产品Hub Architecture。一块电脑主板，以CPU插座为北的话，靠近CPU插座的一个起连接作用的芯片称为“北桥芯片”，英文名：North Bridge Chipset。北桥芯片就是主板上离CPU最近的芯片，这主要是考虑到北桥芯片与处理器之间的通信最密切，为了提高通信性能而缩短传输距离功能一般来说，芯片组的名称就是以北桥芯片的名称来命名的，例如英特尔GM45芯片组的北桥芯片是G45、最新的则是支持酷睿i7处理器的X99系列的北桥芯片。主流的有P45、P43、X48、790GX、790FX、780G、880G、890GX、890FX等。N	other
4266476	Infortrend S16F-R1840最大存储容量16TB平均传输率8Gb/s外接主机通道4个FC 8G接口。InfortrendS16F-R1840是一款电子产品，存储容量为16TB。重要参数单机磁盘数量：16个内置硬盘接口：SAS/SATA在线扩充：支持处理器：新型双总线六十四位硬件架构ASIC...风扇：2组(4个)冗余涡轮冷却风扇，(自...其它参数：双冗余控制器 可连接6个扩展柜,...Infortrend S16F-R1840	life
23335960	何景后出生日期1898年逝世日期1930年籍贯江西省乐平县。何景后（1898年-1930年），男，江西省乐平县人。生前是红军战士，1930年在甘村作战牺牲。人物生平生前是红军战士。战斗事迹1930年在甘村作战牺牲。	human
18433110	穿越公司作者力争天涯类型穿越连载平台起点网。《穿越公司》是力争天涯创作的网络小说，发表于起点网。22年 北京某广场。 “哇！你好强大呀！” “没办法，刚花了一万块钱去穿越到了炎黄大陆学了高深的功法” “不会吧！这么厉害？” “你难道不知道吗？人家专门成立了个穿越公司，只要每天坚持做好事，都有机会穿越……” 每天都有更新，欢迎大家前来…… 走过的路过的	webfic
23062162	楼盘名汇友路97弄12号城市上海市城区浦东板块新场环线位置外环外楼盘地址汇友路97弄12号总户数1产权类型商品房。汇友路97弄12号位于上海市浦东新场，共计房屋1户。周边配套医疗浦东新区新场社区卫生服务中心，雷允上，好药师大药房(老地坊)，贺中堂养馆，华泰药店(新场二店)，好药师大药房(博一大药房)，华泰药店(新场店)，中国人民解放军第八五医院新场分院-综合门诊部，雷允上(笋心药店)，复美大药房(尽心店)教育新场中学，	poi
15388828	红醋大排主要食材猪大排口味酸甜调料食言，冰糖，花椒等。用料主料猪大排1500克调料食盐1/2茶匙冰糖1汤匙葱1段姜1小块花椒20粒料酒2大勺生抽2大勺红醋6大勺白糖3大勺江米酒2大勺红曲米1大勺植物油4大勺红醋大排的做法1.大排骨放冷水加葱、姜、花椒、料酒煮开焯水2.锅里放植物油，放入煮好的大排骨简单两面煎炒	life
14748343	重生之想要的生活作者星宝宝小说进度连载连载网站晋江文学城。《重生之想要的生活》是一部在晋江文学城连载的小说。小说类型架空历史内容简介宜露,一个看似平凡的女人,实为朝歌的女王。 朝歌,一个充满罪恶与血腥的国度,因一次变故她失去了一切的记忆,在代国居住了下 来,成了一个平民百姓,那里的人们无不善良可爱...中途,朝歌的大臣们绞尽脑汁的多次想把宜露带回去,可每一次的软	webfic
10192478	U盘数据错误循环冗余检查U Disk Cyclic Redundancy Check概念一种数据传输检错功能对象U盘目的保证数据传输的正确性和完整性。U盘数据错误循环冗余检查（CRC）是一种数据传输检错功能，对数据进行多项式计算，并将得到的结果附在帧的后面，接收设备也执行类似的算法，以保证数据传输的正确性和完整性。概述首先，循环冗余检查（CRC）是一种数据传输检错功能，对数据进行多项式计算，并将得到的结果附在帧的后面，接收设备也执行类似的算法，以保证数据传输的正确性和完整性。解决办法解决:1.对U盘运行磁盘碎片整理，一般可以解决2.格式化U盘3.检查U盘自带程序能否	other
8637094	弗列尔 Friel出生日期1970-10-11体重75公斤。弗列尔，男，是一名足球运动员，场上位置是前锋 。个人简介姓名：弗列尔英文名: Friel生日：1970-10-11场上位置:前锋身高：173厘米体重：75公斤惯用脚：右脚出生地：雷丁(英格兰)国籍：英格兰代表国家队：出场0次，进0球欧洲三大杯：出场0次，进0球欧洲冠军联赛：出场0次，进0球职业生涯赛季俱	human
15022493	温馨玫瑰公寓Cosy Rosie's Apartment房间数量2地理位置西岸郊区酒店地址Jindřicha Plachty 595/6, 布拉格, 15000, 捷克酒店星级3星级周围景观布拉格汽船公司、布拉格主队球场、布拉格环球蓝联退税点、bordo夜店、布拉格地下室夜总会、布拉格电影院、纳普利科佩街、Karlovy Lázně夜店、CineStar电影院、Palladium商场、影像剧院。温馨玫瑰公寓位于布拉格，是家3星级酒店。酒店，距离布拉格环球蓝联退税点步行25分钟，或打车4分钟，车程约2.3公里。简介温馨玫瑰公寓位于布拉格，是家3星级酒店。酒店，距离布拉格环球蓝联退税点步行25分钟，或打车4分钟，车程约2.3公里。酒店提供免费wifi。。酒店为您提供免费的停车服务。温馨玫瑰公寓酒店还会提供一项住宿的免费政策:1名0岁至2岁的儿童在使用现有的床铺时免	poi
17650596	康志贤烈士，红军战士，1930年后无音讯，时年22岁。1929年参加革命，任红军战士，1930年后无音讯，时年22岁。	human
2044495	半两钱形态圆形方孔重量12铢（中国古代规定1两为24铢）排列位置右“半”左“两”。半两钱形制为圆形方孔，重12铢（中国古代规定1两为24铢），有钱文曰“半两”。“半两”二字分列方好（即方孔）左右，通常是右“半”左“两”。简介半两钱形制为圆形方孔，重12铢（中国古代规定1两为24铢），有钱文曰“半两”。“半两”二字分列方好（即方孔）左右，通常是右“半”左“两”。战国末期，秦惠文王二年（前336）“初行钱”，即指秦国开始由王室铸造货币的流行，标明秦国王室专铸货币制度的确立。秦	other
21552708	审结日期2017年4月26日审理法院天津市红桥区人民法院文件类型裁定书审理程序一审。大族激光科技产业集团股份有限公司诉天津杉杉科技有限公司等买卖合同纠纷案是2017年4月26日在天津市红桥区人民法院审理的案件。案由民事、合同、无因管理、不当得利纠纷、合同纠纷、买卖合同纠纷权责关键词民商事、权责情节、代理、民事责任规定、合同、诉讼关键词、审判程序、撤诉、陪审案例原文天津市红桥区人民法院民事裁定书之一原告：大族激光科技产业集团股份有限公司。法定代表人：高云峰，该公司	soc
17190211	喀山国立医科大学Казанский государственный медицинский университет简称Kazan State Medical University(KSMU)创办时间1814年所属地区鞑靼斯坦自治共和国类别国立学校类型医学类学校属性俄联邦医科类大学主要院系外科 内科 口腔等城市Казань国家俄罗斯学校位置喀山市市区内。喀山国立医科大学成立于1814年，位于俄罗斯联邦鞑靼斯坦自治共和国的首府喀山市。学校简介喀山国立医科大学拥有在校教职员工500余名，其中11个博士，17个研究生，15位教授，副教授21位和4名助教。喀山国立医科大学现下设有7个系：医疗系、预防医学系、口腔系、儿科系、药剂学系、社会工作系、高级护理管理系。同时学校在俄罗斯教育部的指示下以	ins
8981397	古陶瓷博览区地理位置景德镇西市区蟠龙岗占地面积83公顷博览区数量3。景德镇古陶瓷博览区，坐落在西市区蟠龙岗，占地面积 83公顷。博览区是易地集中保护古代工业，民俗建筑的成功范例，以实物形式生动地再现了十五， 十六世纪瓷都景德镇的历史风貌。 博览区共分古窑瓷厂，明清民间建筑和陶瓷历史博物馆三部分。景区介绍古窑瓷厂为古陶瓷制作区，生动地再现了景德镇古代陶瓷制作工艺的全过程。这里有6 间古胚房，为珍贵的中国古代工业建筑实例。每组胚坊似封闭的三和院或四合院，由三栋四栋向院内敞开的建筑组成。呸房内，工人们以传统的手工制瓷工艺操作，妙手神工让游人惊叹不已。厂	other
17924407	那王那妃那点事儿作者凝玉类型言情连载平台晋江文学网。《那王那妃那点事儿》是凝玉创作的网络小说，发表于晋江文学网。作品简介本朝两大毒瘤,若能一朝除去,则大快人心。(众人写烂的题材,但拦不住我喜欢,写之。)(短篇,几近完结。)(隔日更。)	webfic
20812188	公司名称江苏安赐建设工程有限公司总部地点宿迁市宿城区新宿中花园成立时间2014-05-07经营范围集下穿铁路箱涵结构、上跨立交、钢结构、铁路作业等施工作业。江苏安赐建设工程有限公司是一家集下穿铁路箱涵结构、上跨立交、钢结构、铁路作业等施工作业专业性较强的是企业。	org
17129554	上海今朝阳咨询管理有限公司——南京分公司 主要经营微官网建设,微商城开发与推广,微营销实操培训课程,企业销售培训与团队打造,本公司位于江苏南京市江宁区。主营微官网建设、微商城等网络营销。　　今朝阳管理咨询有限公司　　上海今朝阳管理咨询有限公司——南京分公司位于南京市江宁桥河定桥上元大街29号公司运营几年来主要经营与网络营销和企业落地培训营销。	org
3853144	刘苑辉职业教师毕业院校华南理工大学学位/学历硕士。刘苑辉，男，硕士，现任广东工业大学硕士生导师。人物经历1984.9—1988.7 广东机械学院金属材料与热处理专业大学本科毕业，获得工学学位；　　1999.9—2002.7 华南理工大学工商管理学院管理科学与工程专业硕士研究生毕业，获得管理学硕士学位；　　1988.6-1989.7 参加广东省第三届讲	human
19963495	Ron Lea职业演员、导演代表作品《暴力街区》合作人物卡米勒·德拉马雷。Ron Lea是一名演员、导演，主要作品《暴力街区》、《Dr. Cabbie》、《黑色孤儿》。主要作品电影作品上映时间剧名扮演角色导演主演担任职务2014暴力街区Lieutenant卡米勒·德拉马雷保罗·沃克，大卫·贝尔演员2012梦魇之旅Stobe Harju奎恩·罗德，Ilkka Villi演员2011阿富汗卢克MarkMike Clatten	human
6945032	苦苣皮蛋拌豆腐主要原料苦苣，内酯豆腐是否含防腐剂否储藏方法冷藏辅料蒜，青红椒。苦苣皮蛋拌豆腐是一道由苦苣、内酯豆腐等食材制成的食品。食材明细材料苦苣 2棵 内酯豆腐 1盒松花皮蛋辅料醋泡姜蒜青红椒野山椒调料白醋 2茶匙香油 少许辣椒油 少许做法1、豆腐入加盐开水中稍煮2、煮好的豆腐切薄片，码放在苦苣上3、皮蛋每个切成4瓣4、切好的皮蛋码放在豆腐上5、倒上醋椒和醋汁，淋几滴香油，加上辣椒	life
1818289	田晓虹出生日期 1953年12月毕业院校上海大学外语学院日语专业职称副研究员。基本介绍：  1953年12月生。上海大学外语学院日语专业毕业，1980年进社科院。1989年赴日本大学进修家庭社会学，1990-1992年受聘于日本早稻田大学客席研究员。田晓虹,职称：副研究员研究领域： 家庭社会学 日本社会文化现任上海社会科学院社会学研究所副研究员，从事家庭社会学和日本社会文化研究。专著有：《解读日本》。主要论文有：《现代中国家庭关系的特征及变化》、《转型期择偶模式的实态与变化》、《论转型期亲子互动的特征	human
15550020	J·文斯贝加JurgenMansberger国籍：奥地利出生年月：1988年01月13日职业：运动员 足球身高：189厘米。J·文斯贝加(JurgenMansberger )，奥地利籍足球运动员，现效力于马特斯堡球队，在场位置为中场。基本资料球员:J.文斯贝加生日:1988年01月13日身高:189cm体重:78kg加盟日期:2007-01球衣号码:15国籍:奥地利效力球队:马特斯堡场上位置:中场前度效力球队:索伦瑙曾经效力球队:索伦瑙球队阵容前锋T.罗彻,帕特里克.博格中场哈里克,M	human
6590134	舞曲网Electronic music network类别音乐网曲风电子音乐。舞曲网可以归类为电子音乐类型的一种音乐网站。网站介绍舞曲网可以归类为电子音乐类型的一种音乐网站。 与流行音乐网站不同的是，流行音乐网站大部分以流行音乐为主，而舞曲网即以电子音乐为主。所以舞曲网给喜爱电子音乐的人提供更全面，更专业的素材。引网站分类1、电子音乐资源类网站网站的主要提供电子音乐推广、下载	org
14163095	网王——伯劳东去再不回作者姬厮小说进度连载连载网站晋江文学城。《网王——伯劳东去再不回》是连载于晋江文学城的言情小说，作者是姬厮。小说类型言情小说内容简介以为可以快乐地度过在这里的日子,没想到这个身体原来 的主人这么受自己家庭的排斥。母亲只是一个婚外情人,可她起码是真的爱那个男人的好不好?还有你,连自己的 老公都看不住有什么资格说我母亲!就因这身体原来的主 人太过脆弱,才天天受自己“	webfic
23206930	周筱帆民族汉族出生地湖北宜昌出生日期1983年10月职业教师毕业院校上海交通大学。周筱帆，男，汉族，1983年10月出生，湖北宜昌人。博士，首聘副教授。教育和工作经历工作经历：2016–今：华南农业大学，首聘教授2011–2016：美国范德堡大学，博士后教育经历：2006–2011：美国宾夕法尼亚州立大学，细胞与发育生物学，博士2001–2005：上海交通大学，生物技术，学士研究领域以病原微生物为主要研究	human
13432031	终归虚无之魔法篇作者洋正鹏小说进度连载连载网站云中书城。《终归虚无之魔法篇》是一部连载于云中书城的奇幻魔法小说，作者为洋正鹏。小说类型奇幻魔法内容简介这里是魔法的世界人类拥有神奇而强大的力量这力量叫做魔法而出身在贵族的主角又将怎样演绎他的人生……	webfic
18362248	流转三世木生花作者司空萱儿类型网络小说连载平台17K小说网。《流转三世木生花》是司空萱儿创作的网络小说，发表于17K小说网。作品简介梓翊认为自己只不过是一个顶普通的小妖罢了，可为什么，这些尊贵的大神一个个都围着自己转。一个是温润如玉的天帝之子，可梓翊知道他不过是一只披着羊皮的狼，谦谦公子表象下实则是一只腹黑的狐狸。一个是美貌妖孽的龙族少主，时常在梓翊面前自恋，经常缠着梓翊，是梓	webfic
23159912	Italian Story歌曲原唱林一峰填词林一峰谱曲林一峰。《Italian Story》是由林一峰作词、作曲并演唱的一首歌曲，收录于专辑《Travelogue 4 Escape》中，发行于2018年11月17日。歌曲歌词From the Florence sun to the Venice moonOn and on I travelWithout you, the road too longAnd time is too slowThe sunflowers l	play
4426008	昆明理工大学Kunming University of Science and Technology简称昆工(KMUST)校训明德任责，致知力行创办时间1954年(甲午年)所属地区中国 云南省 昆明市类别省属重点大学学校类型工科性综合大学学校属性中西部高校基础能力建设工程，省属重点大学，中央与主要奖项国家级教学成果奖一等奖1项、二等奖4项现任校长张英杰知名校友王希季、张国成。宝石与材料工艺学专业是一个集地质、冶金、金属与非金属材料加工、美学和工艺美术设计、人文艺术于一体、自然科学与社会科学相互渗透交叉的边缘科学。本专业配备有先进的珠宝检测与鉴定实验室、珠宝首饰加工与营销实验室和首饰美术设计室，还配备了有离子注入剂、红外光谱仪等基本介绍云南宝玉石资源储量丰富，是我国五大宝石主产地之一。与云南近邻的东南亚是全球珠宝玉石产量最大、品种最丰富的地区之一，特别是与云南毗邻的缅甸、老挝、越南均是世界上珠宝玉石储量十分丰富的国家，独特的地域优势使云南成为中国最早开发利用宝玉石资源的地区。数百	other
18461597	宿命绝作者血岳连载平台17K小说网。《宿命绝》是血岳创作的网络小说，发表于17K小说网。作者血岳作品简介重生到类似地球的世界，各种势力武学杂乱无章。神秘豪门，惊天阴谋，绝世神兵，无尽宝藏。貌似和平的年代，黑暗势力又将抬头。乱入的少年，开启无边宇宙的钥匙..	webfic
19562833	热火310A商品编号1167797商品毛重36.00g商品产地中国大陆适用产品iPad特点商务简约。规格参数 主体 品牌HotFire 类型充电器 型号U-310A 颜色白 特点 特点商务简约 包装清单USB电源适配器×1 保修卡×1	life
16992151	作者舒岳祥年代宋。有意西林寻小隐，无田东瀼可隣家。闻师投谒不入巷，知我无人能点茶。山色一豀连雨色，雪花十里糁松花。秋声正与公相似，相对忘言定不差。	cul
17007741	张德庆出生日期1970年11月职业教师毕业院校 周口师范学院籍贯河南太康。个人简介张德庆，男，1970年11月出生，河南太康人，讲师，周口师范学院基础理论教研室教师。	human
17144944	紫甘蓝炖豆腐主要食材老豆腐,紫甘蓝分类炖。用料材料　　用量老豆腐适量紫甘蓝半颗孜然适量做法1. 先炒好紫甘蓝2. 再和豆腐一起炖	life
6585184	锐途RT-483产品类型PND便携机 屏幕尺寸4.3英寸 480*270语音导航全程真人发音导航 。锐途RT-483是一款PND便携机，屏幕尺寸为4.3英寸480*270。重要参数定位精度：10米存储扩展：SD/MMC兼容扩展卡插槽 　　FM发射：支持 　　GPS芯片：MG1513 　　上市日期：2009年03月 　　音频播放：支持MP3，WMA等音频格式播放 　　电子书：支持TXT格式文件 　　图片浏览：支持JPG，BMP	life
18486259	海贼之道作者等待雨是伞的一种宿命类型网络小说连载平台起点网。《海贼之道》是等待雨是伞的一种宿命创作的网络小说，发表于起点网。作品简介一个默默无闻的屌丝男，无意中穿越到了海贼的世界。经历了友情，爱情，背叛之后终于领悟了海贼之道，到达了世界的顶点。	webfic
3183980	中文学名黑点草拉丁学名Tricyrtis pilosa Wall别称立竹根、山黄瓜、黄瓜菜、瓜米菜 疏毛油点草、大黄瓜香界植物界门双子叶植物科百合科属油点草属种疏毛油点草。黑点草，多年生草本。根茎短；茎直立，圆柱形，绿色，被有线状短柔毛。叶互生，广椭圆形，先端渐尖，边缘被棕色短柔毛，全缘或具浅波状缺刻，。伞房花序顶生；小花黄白色，花柄硬壮；苞片小，卵状心脏形或线形；花被钟状，6裂，裂片披针形，内有黄白色斑点，其中杂有紫色斑点形态特征多年生草本。根茎短；茎直立，圆柱形，绿色，被有线状短柔毛。叶互生，广椭圆形，长5～11厘米，宽3～5厘米，先端渐尖，边缘被棕色短柔毛，全缘或具浅波状缺刻，叶基部膨大抱茎，具4～5对羽状脉或基出脉，上面油绿色，下面绿色，均无毛。伞房花序顶生；小花黄白	nature
9499988	爆炒红螺肉地点海滨城用餐人数3-4人组成鱼虾蟹主料400g红螺肉。爆炒红螺肉是一道美味佳肴，主料是鱼虾蟹。简介住在海滨城市的人，不管是鱼虾蟹，还是红螺肉这种贝壳类的海鲜，往往都会我们餐桌上的常客。用餐人数：3-4人食材适量油适量盐适量葱段适量大蒜适量酒适量生抽适量豆豉制作步骤1、大葱洗净切段；2、大蒜去皮切薄片；3、红螺肉洗净挤干水份；4、下油锅；5、倒入大蒜	life
10270996	2011中国（中山）国际游戏游艺博览交易会简称“游博会”地点中山博览中心参展数211 家国内外企业。2011中国（中山）国际游戏游艺博览交易会（简称“游博会”）昨日在中山博览中心开幕。今年游博会有211 家国内外企业参展，比往年增长20%，番禺、中山两地的广东动漫产业集群及国内业界知名企业全数参展，有多家企业发布新科研成果和产品。2011游博会简介2011中国（中山）国际游戏游艺博览交易会（简称“游博会”）昨日在中山博览中心开幕。今年游博会有211 家国内外企业参展，比往年增长20%，番禺、中山两地的广东动漫产业集群及国内业界知名企业全数参展，有多家企业发布新科研成果和产品。位于港	soc
11048455	百八数珠出处木患子经用途佛教术语具体做法一百零八颗珠粒串成。佛学术语，物名，即由一百零八颗珠粒贯串而成之念珠。为各种颗数所成念珠中最普遍之一种。木患子经（大一七·七二六上）：‘佛告王言：“若欲灭烦恼障、报障者，当贯木患子一百八，以常自随，若行、若坐、若卧，恒当至心无分散意，称佛陀、达磨、僧伽名，乃过一木患子。（中略	other
20773180	所属专辑へべれけ宣言发行时间2013-08-28音乐时长4分42秒。《へべれけ宣言》是CAndK的音乐作品，收录在《へべれけ宣言》专辑中。歌词[00:00.00]へべれけ宣言　　- C And K 　　[00:05.21]词∶CLIEVY 曲∶CLIEVY 　　[00:20.21] 　　[00:29.21]チャカレーチャカチーノ? 黙れ?じゃかし?の 　　[00:32.97]アガレ? マタタ	play
8860713	和泓四季项目位置九龙坡华岩新城建筑类型塔楼,小高层物业类别普通住宅。和泓四季位于重庆最具发展潜力的区域--华岩新城，坐落在该区东西结合部的重要交通要道华龙、华福大道上。此处是承东启西的区域和经济“桥头堡”，更是主城核心区联系西部新城，向渝西经济走廊辐射的重要枢纽。基本信息行政区域：九龙坡区区域板块：华岩新城交通状况：轻轨2、5号线(规划中)；公交486路(石坪桥--西彭)、487(毛线钩--巴福)、478(杨家坪西郊--美每家)、259路(小南海水泥厂--大渡口)、213路(重师--华岩新城)、229路(杨家坪--	poi
3661620	杨凯别名林修国籍中国毕业院校太原并州中学。杨凯(1 915～1946)，原名林修，五台王家沟人，父杨玉祥，虽家境贫寒，但仍重视对子女的教育，毅然借债供养一子、一媳、两女上学。杨凯从小聪明好学，学绩甚佳。个人简介个人经历1936年太原并州中学毕业后，任教于两涧村凤阳小学。勤于教学，热爱学生，深受群众拥护。 “七七”事交后，他主动进行抗日救国宣传，1 938年秋，加入中国共产党。翌年春，到晋察冀党校学习。结业后，分配到二分区民运部任交通站长。1940年任五区	human
15051046	Cozy loft apartment房间数量3。Cozy loft apartment位于里加。简介Cozy loft apartment位于里加。酒店提供免费wifi，酒店为您提供免费的停车服务。酒店地址Klusā iela 17, 里加, 1013, 拉托维亚设施与服务洗衣间、无烟客房、携带宠物、儿童加床、语言、租车相关条款入住时间15:00-2	poi
3398316	污水清ピュアウォーター实名巫水青概念新型高效的污水处理技术。污水清，实名“ 巫水青 ”，日文[ピュアウォーター]，广义是指一种新型高效的污水处理技术，包括处理工艺、处理技术、处理设备和处理药剂！狭义是专指“巫水青高效水处理净水剂”：一款最新型的高效无机复合絮凝剂，系交联式复合型粉末，由高效净水无机盐与化石类矿物经特技术介绍巫水青的高效处理工艺和处理设备都离不开“巫水青药剂”，因此，下文主要围绕该核心技术展开阐述！巫水青，英文学名：flocculant;flocculating agent，是特别高效、快速、专业的新一代污水处理剂，广泛应用于冶金矿业\选矿\尾矿|矿井	other
20549014	公司类型有限责任公司(自然人投资或控股)登记机关宜昌市工商行政管理局成立时间2013年12月12日发照时间2013年12月12日。湖北华赣金鼎贵金属经营有限公司于2013年12月12日在宜昌市工商行政管理局登记成立。法定代表人黄强，公司经营范围包括贵金属销售（不含期货交易以及国家限制的经营方式）等。企业信息	org
10144799	ISBN9787109106000 [十位:7109106004]页数359  定价￥35.00出版时间2007年07月。《土地整理概论》是2007年07月中国农业出版社出版的图书，作者是胡振琪。图书简介：作/译者：胡振琪出版社：中国农业出版社出版日期：2007年07月 ISBN：9787109106000 [十位:7109106004]页数：359 重约：0.532KG定价：￥35.00内容提要：土地整理是人类在土地利用中不断建设土地和重新配置土	pub
18580643	南京市道路交通管理规定颁布单位南京市人大常委会颁布时间1995.08.11实施时间1995.10.01。1994年7月29日江苏省南京市第十一届人民代表大会常务委员会第九次会议制定 1995年8月11日江苏省第八届人民代表大会常务委员会第十六次会议批准 1995年10月1日起施行。第一章　总则第一条　为了加强道路交通管理，维护道路交通秩序，保障交通安全畅通，根据有关法律、法规，结合本市实际，制定本规定。第二条　在本市行政区域（以下简称本市）道路上通行的车辆和乘车人、行人，以及在道路上进行与交通有关活动的人员，必须遵守《中华人民共和国	soc
23403141	陈一菲国籍中国民族汉族职业围棋运动员毕业院校西华师范大学性别女。陈一菲，女，汉族，中国围棋运动员。个人简介陈一菲，围棋专业，西华师范大学围棋专业毕业，围棋5段，国家二级运动员。个人荣誉2012年四川省女子个人围棋冠军2015年南充女子围棋争霸赛冠军2016年国学杯全国围棋公开赛女子个人第三名2012年四川省女子青年围棋冠军2012年南充市运动会女子围棋	human
21958790	审结日期2017年1月17日审理法院河北省磁县人民法院文件类型判决书审理程序一审。中国农业银行股份有限公司磁县支行诉王连明等借款合同纠纷案是2017年1月17日在河北省磁县人民法院审理的案件。案由借款合同纠纷、合同纠纷、合同、无因管理、不当得利纠纷、民事权责关键词迟延履行金、执行、缺席判决、简易程序、诉讼请求、审判程序、证据、诉讼关键词、合同约定、免责事由、违约金、合同、民事责任规定、委托代理、代理、催告、民事行为的效力、权责情节、民商事案例原	soc
9557013	王家宅镇出生地安徽省霍邱县辖镇出生日期1958年逝世日期西北部。安徽省霍邱县辖镇。1949年建王家宅镇，1958年成立先锋公社，1983年复改乡，1984年撤乡设镇。位于县境西北部，距县府22公里。面积117平方公里，人口4.8万。通公路。辖兰桥、井岗、双庙、高桥、桥岗、傅桥、高庄、水晶宫、军庄、石店、韩老楼、孔集、陈简介安徽省霍邱县辖镇。1949年建王家宅镇，1958年成立先锋公社，1983年复改乡，1984年撤乡设镇。位于县境西北部，距县府22公里。面积117平方公里，人口4.8万。通公路。辖兰桥、井岗、双庙、高桥、桥岗、傅桥、高庄、水晶宫、军庄、石店、韩老楼、孔集	poi
7203666	一个人的我依然会微笑所属专辑一个人的我依然会微笑发行时间1995-03-01歌曲原唱林佳仪填词刘虞瑞谱曲中岛美雪音乐风格流行歌曲语言普通话。《一个人的我依然会微笑》是由刘虞瑞作词，中岛美雪作曲，林佳仪演唱的一首歌，收录于同名专辑《一个人的我依然会微笑》。歌词如果想哭我自己会找地方你不必担心我会弄湿你肩膀走在街上到处是寂寞的人我想谁都不要同情的眼光受一点伤并不是可怕的事人就是这样才会愈来愈坚强谁叫男人永远比女人清楚爱情它何时该收何时该放你走吧我不哭无论多痛苦你走吧我不哭就算会迷路明天一个人的我依然会微笑虽然	play
22016170	审结日期2017年1月2日审理法院湖南省攸县人民法院文件类型裁定书审理程序执行。黄桂（贵）清诉夏伟凡等民间借贷纠纷案是2017年1月2日在湖南省攸县人民法院审理的案件。案由民事、合同、无因管理、不当得利纠纷、合同纠纷、借款合同纠纷、民间借贷纠纷、执行权责关键词民商事、权责情节、代理、诉讼关键词、执行案例原文湖南省攸县人民法院执行裁定书申请执行人黄桂（贵）清。被执行人夏伟凡。被执行人周首容。申请执行人黄桂清与被执行人夏伟凡	soc
8851046	书名中国孩子最喜欢的一千零一夜ISBN9787542740311出版社上海科学普及出版社出版时间2008年4月1日。《中国孩子最喜欢的一千零一夜》是2008年上海科学普及出版社出版的图书。图书信息出版社: 上海科学普及出版社; 第1版 (2008年4月1日)丛书名: 拼音美绘本平装: 216页正文语种: 简体中文开本: 16ISBN: 9787542740311条形码: 9787542740311尺寸: 24.6 x 17.2 x 1 cm	pub
391690	习云泰国籍中国民族汉族出生地河北出生日期1935.12。习云泰，1935年12月生，河北唐山人。北京体育大学首届毕业生，师承著名武术家 张 文广、郑怀贤教授，成都体育学院教授、“中国峨眉武术研究会”顾问。曾担任中国体育科学学会理事、中国武术协会常委、中国武术学会常委、中国武术科研委员会副主任、四川省及成都市武协个人成就习云泰曾在北京体育学院、上海体育学院、解放军体育学院、北京师范体育学院、中央特殊警察学校及山东、河南、浙江、江西、福建、广东、四川等省讲学及训练。培养了研究生和世界、亚洲及全国冠军数十名。其中首届世界搏击大赛冠军1名，国际武术邀请赛冠军7名，亚洲冠	human
18391666	神厨落网作者双面の暗夜连载平台晋江文学网。《神厨落网》是双面の暗夜创作的网络小说，发表于晋江文学网。作者双面の暗夜作品简介我，说我是天才没有人敢有异议，可是，我热衷于料理。我是二十世纪最年轻的特级厨师—尹雪海，意外地，我穿越到了网王的世界，一切，都改变了，我不再是个只热衷于料理的小丫头了，我现在是一个亦黑亦白、找不到方向的人罢了.........（本文乃	webfic
7484920	黑糖浆豆渣饼主要原料黑糖浆,豆渣是否含防腐剂否适宜人群老少皆宜。随着科学的发展，人类文化素质的提高，人们已从营养学的角度开始重新认识豆腐渣。经研究证明，大豆中有一部分营养成分残留在豆渣中，一般豆腐渣含水份85%，蛋白质3.0%，脂肪0.5%，碳水化合物（纤维素、多糖等）8.0%，此外，还含有钙、磷、铁等矿物质。食用豆腐相关简介菜品口味：甜味主要工艺：煎所需时间：十分钟制作难度：简单所用厨具：平底锅具体做法1.用一大碗，放将豆渣、面粉，加水顺一方向搅拌成象蛋糕糊差不多稠，总之就不要太稀，边搅拌边放糖浆，甜度自己掌握；2.用一平底锅，放很薄一层油，倒入面糊，不要太薄，太薄会	life
16476640	书名抗衰老药理学新论出版社人民卫生出版社页数455页开本32品牌人民卫生出版社作者张洪泉出版日期2004年5月1日语种简体中文ISBN7117060573, 9787117060578。现代分子水平基础上的生物学知识正突飞猛进地发展，生物技术的更新迭创也令人振奋。人类的基因组学研究取得重大进展，行将使疾病的诊断和治疗面貌改变。遗传物质、细胞端粒或生物钟等在衰老中起到什么作用。还缺乏充分令人信报的定论。扬州大学医院研究所所长、药理教研室主任第一章 抗衰老药理研究的基础概况 　　第二章 细胞衰老相关信号传递系统 　　第三章 衰老的病理生理研究发展 　　第四章 免疫衰老的细胸及分子机制 　　第五章 老年医学遗传学及其研究进展 　　第六章 老年人合理用药的特点及评价 　　第七章 老年人抗菌药物的合	pub
5289224	曾纪红民族侗族出生日期1972年3月职业贵州凯里经济开发区工委委员、纪工委书记。曾纪红，男，1972年3月生，侗族，大学学历、法学学士，曾任凯里经济开发区工委办主任。现任贵州凯里经济开发区工委委员、纪工委书记。分管工作主持凯里经济开发区纪工委全面工作，协助工委书记负责党风廉政建设、效能监察等方面的工作。完成工委书记和常务副书记交办的其他工作。分管监察室、督查室。	human
12110253	书名中国高中生作文题典作者徐昭武ISBN9787500751670页数968定价38.00出版社中国少年儿童出版社出版时间2004-1-1装帧精装(无盘)。《中国高中生作文题典》是2004年中国少年儿童出版社出版的图书，作者是徐昭武。内容介绍中国高中生作文题典（创新版），ISBN：9787500751670，作者：徐昭武编作品目录一 课本作文题　　1 记叙类　　2 说明类　　3 议论类　　二 练笔作文题　　1 抒情类　　2 议论类　　3 说明类　　4 写人类　　5 记事类　　6 写景类	pub
22865109	定康街位于南京市建邺区南部地区，南北走向，天康街以东，隆和街以西，定康街北起庐山路，南至泰新路。	poi
795662	公司名称南京思创信息技术有限公司总部地点江西南昌成立时间2009年12月经营范围软件研发公司类型民营企业公司口号尽心尽意，尽善尽美。业务方向物联网，车联网，基础教育软件成熟度CMMI 3级。南京思创信息技术有限公司成立于2009年12月，是思创数码科技股份有限公司的软件研发中心，目前承担着集团公司的主要软件研发和国际外包业务和核心技术研究等项工作。主要专注于物联网技术在港航领域的应用。公司介绍南京思创信息技术有限公司成立于2009年12月，是思创数码科技股份有限公司的软件研发中心，目前承担着集团公司的主要软件研发和国际外包业务和核心技术研究等项工作。主要专注于物联网技术在港航领域的应用。企业文化尽心尽意，尽善尽美。业务范围公司的核心业务	org
14337574	关中源(工业八路店)餐馆类型西北菜所属地区深圳市地址工业八路259号。餐馆简介关中源主要经营陕西民间特色美食，以香浓的口味，多样的菜品，面点及特色小吃正受越来越多消费者的青睐。肉夹馍，气味芬芳、肉质软糯，糜而不烂、浓郁醇香、入口即化的独特风味。岐山臊子面，面条细长，厚薄均匀，臊子鲜香，红油浮面，汤味酸辣，筋韧爽口。让您品尝正	poi
15256157	餐馆名称零度四季(SOHO尚都店)地区北京市人均价格31营业时间10:00-22:00。餐馆类型披萨适宜休闲时光、休闲小憩、随便吃吃、情侣约会、家庭聚会、朋友聚餐餐馆简介零度四季位于SOHO尚都西塔，地理位置不错，交通也方便。主营西式简餐，比萨是招牌，口味多样，原料丰富，吃着挺惬意的。特色服务：可以刷卡，有wifi，有停车位，有表演，提供在线	poi
12577509	刀家村所属地区中国 云南省面积1.44平方公里人口47人（2007年）地理位置隶属于碧安乡河头村民委员会，属于山区。距离村委会8公里，距离乡政府50公里特产松脂、桔子知名产业种植业、养殖业。刀家村隶属于云南省普洱市景谷傣族彝族自治县碧安乡河头村民委员会，该村国土面积1.44平方公里，海拔1020米，年平均气温20.4 ℃，年降水量1140毫米，农民收入主要以林业为主。村情概况　刀家村隶属于碧安乡河头村民委员会，属于山区。距离村委会8公里，距离乡政府50公里。国土面积1.44平方公里，海拔1020米，年平均气温20.4 ℃，年降水量1140毫米，适宜种植粮食等农作物。有耕地105亩，其中人均耕地2.23亩；有林地2041	poi
18286627	关键少数【习语】“各级领导干部在推进依法治国方面肩负着重要责任，全面依法治国必须抓住领导干部这个‘关键少数’。”【背景】2015年2月2日，省部级主要领导干部学习贯彻十八届四中全会精神全面推进依法治国专题研讨班在中央党校开班，习近平总书记在开班式上强调，各	other
17515692	杰西·泰勒Josie Taylor国籍英国星座白羊座出生地英国萨默赛特出生日期1983-4-14职业演员。杰西·泰勒，国籍为英国，是一名演员。参演电影资料来源	human
5742193	韦伯分布( Weibull distribution)亦称“韦氏分布”、“威布尔分布”。一种连续型概率分布。瑞典工程师、数学家韦伯( Weibull，1887-1979)于1951年对该分布作了详细的研究，故名。	other
20562559	公司类型有限责任公司(自然人投资或控股)登记机关乐山市五通桥区工商行政管理和质量技术监督局成立时间2006年5月30日发照时间2016年6月3日。乐山市牛华芽菜食品有限公司于2006年5月30日在乐山市五通桥区工商行政管理和质量技术监督局登记成立。法定代表人刘彬，公司经营范围包括蔬菜制品（酱腌菜）、调味料（半固态）、肉制品（腌腊肉制品）加工等。企业信息	org
23070628	楼盘名良乡修造厂六区城市北京市城区房山板块良乡环线位置五至六环楼盘地址良乡修造厂六区建筑结构砖混结构总户数720产权类型已购公房。良乡修造厂六区位于北京市房山良乡，共计房屋720户。周边配套医疗北京市房山区良乡医院，北京仁德医院，北京市房山区妇幼保健院，良乡医院-儿科，北京市房山区中医医院，北京中能建医院，房山区良乡地区昊天社区卫生服务站，良乡医院-急诊，馨恒康大药房(拱辰大街)，同仁堂药店(华冠良乡药店)教育北京理工大学(良乡校区)	poi
15453093	鲁伊兹·安东尼奥是一个出生于1991-03-11的巴西足球运动员，所属球队是弗拉门戈。个人资料姓名：鲁伊兹·安东尼奥所属球队：弗拉门戈国籍：巴西出生日期：1991-03-11身高：184cm体重：73kg场上位置：中场球衣号码：25职业生涯赛事时间代表球队比分对手首发出场进球得牌详情　　巴西甲08-25 03:00弗拉门戈2 - 0克里西乌	human
14366122	如雪的恋情作者爱尔兰小妖精小说进度连载连载网站红袖添香网。《如雪的恋情》是连载于红袖添香网的小说，作者是爱尔兰小妖精。小说类型言情小说内容简介情窦初开的如雪网恋上了异域的清空,情深深,雨蒙蒙,却随着清空的政治热情,锒铛入狱而让两人的爱情凄凄惨惨,如泣如诉……	webfic
12382979	ISBN9787538535426页数94定价11.80元出版社北方妇女儿童出版社出版时间2009-1开本32开语种简体中文。《企鹅部落5》是2009年1月北方妇女儿童出版社出版的图书。内容简介故事发生在远古的冰河时代，一个拥有神奇魔法的老企鹅和他那些聪明可爱的孩子们生活在传说的“四季岛”上。企鹅和他们的朋友在老企鹅带领下寻找着史前的文明和那些未知的力量，当中发生了许多有趣而神秘的故事。直到有一天，一个名叫迈克·霍达克的海盗来到了这片小岛	pub
2044068	左河村行政区类别村地理位置湖北武汉市新洲区旧街街道人口3117人。左河村位于卾东革命老区旧街街，北接辛冲镇；耕地面积1520亩，其中水田面积940亩，旱地580亩，水面280亩，村集体无机动地、山林、‘四荒’地，左河村交通便利，　　地势平坦，土地肥沃；　　人口现状：现有人口3117人，14个小组，11个自然湾，769户，	poi
4113533	长城L921S屏幕尺寸18.5英寸面板类型TN动态对比度500万:1最佳分辨率1360x768屏幕比例16:9（宽屏）可视角度90/65°控制方式按键视频接口D-Sub（VGA）消耗功率典型:16W 待机:<0.5W产品类型LED显示器上市时间2012年09月。长城L921S动态对比度是500万:1，最佳分辨率是1360x768。综述介绍屏幕尺寸：18.5英寸面板类型：TN动态对比度：500万:1最佳分辨率：1360x768背光类型：LED背光屏幕比例：16:9（宽屏）视频接口：D-Sub（VGA）点距：0.3mm亮度：250cd/㎡黑白响应时间：5ms可视角度：90/65°控制方	life
18843903	翟维奇别名博阳民族汉。博阳，男，真名翟维奇，字大可，号博阳。中国美协会员、工美画院一级美术师，北京永峰华视艺术公司艺术总监。人物生平骏逸堂主翟维奇，字大可，号博阳。中国美协会员、工美画院一级美术师，北京公共关系委员会委员，北京永峰华视艺术公司艺术总监。在美术界，知道博阳的人很多，很少有人知道翟维奇，因为博阳以号行，博阳祖籍河北博野县东阳村，1957年出生在北京西山。为纪念家乡，	human
22162373	丘林水出生日期1916年逝世日期1933年性别男。丘林水（1916年-1933年），男，福建省长汀县人。生前是红军第三十四师一0一团三营战士，1933年在江西省兴国县与敌作战中牺牲。人物生平生前是红军第三十四师一0一团三营战士。牺牲情况1933年在江西省兴国县与敌作战中牺牲。	human
20028587	公司类型有限责任公司(法人独资)登记机关北京市工商行政管理局成立时间2007-10-24发照时间2015-10-27。北京龙湖中佰置业有限公司于2007-10-24在北京市工商行政管理局登记成立。法定代表人宋海林，公司经营范围包括房地产开发；销售商品房；投资管理、资产管理等。企业信息	org
16711403	小行星89988998绝对星等100.95013等发现者：舒尔特·巴斯发现地：赛丁泉山发现日期：1981年3月3日。小行星8998（英语：8998）是一颗围绕太阳公转的小行星。1981年3月3日，舒尔特·巴斯在赛丁泉山发现了此行星。小行星8998小行星8998（英语：8998）是一颗围绕太阳公转的小行星。1981年3月3日，舒尔特·巴斯在赛丁泉山发现了此行星。这颗小行星的绝对星等为100.95013等。8998发现发现者：舒尔特·巴斯发现地：赛丁泉山发现日期：1981年3月3日编号小	nature
16848376	田村隆显（生年不详－1574年9月20日）是陆奥国的战国大名。父亲是田村义显。儿子有田村清显。田村隆显（生年不详－1574年9月20日）是陆奥国的战国大名。父亲是田村义显。儿子有田村清显。当时的田村氏被相马氏、岩城氏、佐竹氏、芦名氏等诸多大名包围着，因此立场相当困难，不过隆显迎伊达稙宗的女儿为妻，于是得到伊达军的援助而保著田村氏的命脉。在天文之乱中	other
21701212	审结日期2017年3月16日审理法院河南省郑州矿区人民法院文件类型裁定书审理程序一审。吕伟昌与杨俊锋民间借贷纠纷案是2017年3月16日在河南省郑州矿区人民法院审理的案件。案由民事、合同、无因管理、不当得利纠纷、合同纠纷、借款合同纠纷、民间借贷纠纷权责关键词民商事、诉讼关键词、审判程序、撤诉案例原文河南省郑州航空港经济综合实验区人民法院民事裁定书原告：吕伟昌。被告：杨俊锋。原告吕伟昌与被告杨俊锋民间借贷纠纷一案，本院2017	soc
22307596	基本简介《初中英语写作专练》是上海交通大学出版社出版的一本图书。图书简介《初中英语写作专练》为“中学英语专练百分百”初中系列的一个分册，依照国家《全日制义务教育英语课程标准》，参考现行初中英语教材及中考考试大纲和中考最新题型精心编写。全书共22个单元，前2	pub
15717967	在空中作战，难免碰到奇怪的敌人，在这种环境下，你一定要充分掌握战争的主动权，怎么先敌人一步消灭对手呢？看你的。游戏基本信息在空中作战，难免碰到奇怪的敌人，在这种环境下，你一定要充分掌握战争的主动权，怎么先敌人一步消灭对手呢？看你的。游戏目标干掉你前方的敌人，同时要保护自己操作指南移动射击方向键移动，空格键射击如何开始游戏载入后，点击play进入游戏画面，点击pla	hist
22410799	马尾松无性系山羊5区27-26-2号界植物界科松科Pinaceae     属松属Pinus L.     种马尾松Pinus massoniana Lamb.。护照信息平台资源号：1111C0003838000820资源编号：PIMAS3508810820种质名称：马尾松无性系山羊5区27-26-2号原产地：湖南常宁省：湖南来源地：福建三明国家：中国资源类型：选育品种描述信息主要特性：高产,优质主要用途：材用气候	nature
19854273	书名NY/T1984-2011叶用莴苣等级规格作者王富华ISBNNY/T1984-2011页数12定价20.0出版社中国农业出版社出版时间2011-12-01开本大16开责编李文宾字数7千字版次B1。《NY/T1984-2011叶用莴苣等级规格》是2011年中国农业出版社出版书籍，作者是王富华。NY/T 1983-2011胡萝卜等级规格NY/T 1983-2011胡萝卜等级规格NY/T 1983-2011胡萝卜等级规格NY/T 1983-2011胡萝卜等级规格	pub
6902935	闵行有线通宽带公司东方有线网络有限公司针对企业客户的高速宽带互联网接入优势高性价比，网络性能好、稳定。闵行有线通宽带,因特网专线是东方有线网络有限公司基于万兆全交换因特网传输平台和双向860M同轴有线电视网推出的，针对企业客户的高速宽带互联网接入服务。业务介绍Cable Modem因特网专线，采用以太网接入方式，使用Cable Modem（电缆调制解调器）设备将企业内部局域网或数据终端设备高速上连东方有线分中心数据机房CMTS（电缆调制解调器头端系统）路由器，并通过东方有线IP全交换网快速访问INTER	other
20230661	世芳扯铃。比喻一个人因为意识形态，什么都能扯，讲出来的话没什么道理，比扯铃还扯。也比喻原本善良的人，因为政治而变坏。来源台湾所称的“扯铃”，在大陆一般叫“抖空竹”，上海话叫“插玲”，最早使用竹子做的，因为竹子中空，在快速旋转时会发出呜呜呜声，特别好听。空竹游戏流行于大陆各地，包括天津、北京、辽宁、吉林、黑龙江等地，台湾也盛行。民进党“立委”刘世芳21日在“立院”审查“侨	other
4609401	欧亚集团子公司欧亚商都，欧亚车百，欧亚超市等。长春欧亚集团股份有限公司是国内大型商业企业，行业知名企业。公司始建于1953年， 1992年8月以定向募集方式成立股份有限公司，1993年10月转为社会募集公司，同年12月6日，公司股票在上海证券交易所挂牌交易。集团资料简介欧亚集团是在市场经济的大潮中发展起来的，起步于1984年。当时，企业只有三层小楼门市,总资产205万元，年销售额1200万元，年利润额22万元。二十五年来，在董事长曹和平的带领下，欧亚集团秉承“唯旗是夺，诚实守信，勤俭善持，团结互助”的企业精神	org
19516213	Michelle Goh职业演员。Michelle Goh，演员，主要作品《异形X》、《破茧杀机》、《超人前传》。主要作品电影作品上映时间剧名扮演角色导演主演担任职务2004异形XTalon蒂姆·考克斯詹姆斯·马歇尔，Michelle Goh演员2003破茧杀机Tommie LingMichael Oblowitz史蒂文·席格，克里·约翰逊演员1995薄面佬Bunny	human
18847197	我的忍法贴作者xcx40000类型玄幻连载平台阅路小说网最新章节第二章 影战（上）。天下纷乱，战国群雄互望相争天下，先者织田信长起兵吞天下，未成就霸业遭部下叛变身先亡，接者丰臣秀吉战天下，纷乱逐平定！ 时间指向1598年，此时丰臣秀吉以年老体弱，而丰臣家内部派系分争不断，日渐衰弱，德川家康看准时机，一场蓄谋以久阴谋正在计划…… 天命将来，天下纷乱，战国群雄互望相争天下，先者织田信长起兵吞天下，未成就霸业遭部下叛变身先亡，接者丰臣秀吉战天下，纷乱逐平定！ 时间指向1598年，此时丰臣秀吉以年老体弱，而丰臣家内部派系分争不断，日渐衰弱，德川家康看准时机，一场蓄谋以久阴谋正在计划…… 天命将来，	webfic
21434658	所属专辑程派张火丁传统唱腔选发行时间2004-04-01音乐时长5分55秒。《嫦娥》是张火丁的音乐作品，收录在《程派张火丁传统唱腔选》专辑中。歌词《嫦娥奔月》　　张火丁(2003年迎新春演唱会)　　秋风起落叶飘秋月挂天上　　剪不断缕缕忧思绕愁肠　　不料想一池静水生波浪　　我夫君射死九日　　惹恼了他们的父王　　一粒丹丸从天降　　罚我夫广番待罪受凄凉　　好家乡少不了神羿护卫　　嫦娥女又怎能割舍夫郎　	play
13950282	新郑樱传作者夭之沃沃小说进度连载连载网站晋江文学城。《新郑樱传》是夭之沃沃写的网络小说连载于晋江文学城。小说类型古色古香内容简介乱世的情爱,终抵不过江山,你的惊鸿一瞥,却毁了我的整个社稷。-石虎 我不许你永生永世,也不许你来日方长,我只要你在我身边的每一刻都是笑着的。这便是我此生唯一的追求。-石虎 当你离开的时候,我每每都在想,若你没走,我们还可不可以重来,	webfic
12422696	作者汤素兰ISBN9787534257575页数217定价13.50元出版时间2009-12。《彩虹童书名家名作注音读本》是2009年12月出版的图书，作者是汤素兰。内容介绍《笨狼一家人(注音版)》是《笨狼的故事》之一荣获了：第十届冰心儿童图书奖、第四届全国优秀少儿图书二等奖、首届张天翼童话寓言奖·宝葫芦大奖、第五届宋庆龄儿童文学奖、中国作家协会第五届全国优秀儿童文学奖。	pub
17387157	软件名称Clean File Manager软件平台mobile软件版本1.1.1运行环境Android 2.2应用类型系统安全类。应用介绍《文件清理 Clean File Manager》是一款文件夹清理软件，你可以以文件夹管理的模式进入到各个文件夹中根据需要来删除文件，并且支持文件搜索，不过遗憾的是并不支持一键清理。	sci
17148196	冰甜桂花丸子主要食材糯米粉,水分类丸子。用料材料　　用量糯米粉700克水适量生粉少许桂花糖浆两茶匙蜜糖一茶匙片糖半块沙糖少量做法1. 糯米粉加水搅拌加少许生粉（这样成品吃起来就又糯又q而且不粘牙齿咯～）2. 面糊调成可以捏形状的软硬程度，揉成条状，均匀切开若干小截。3. 把小截揉成一粒粒丸子形状	life
12893889	异世控能师作者米达洛亚斯小说进度连载连载网站起点中文网。《异世控能师》是在起点中文网上连载的小说，作者是米达洛亚斯。小说类型异界大陆内容简介魔法,是调动天地之间的能量形成的。 武术,是刺激自身蕴含的能量形成的。 从本质上说,只要能控制能量,就可以达到魔法极致,武道巅峰。 林夕,这个为情所困而选择重启轮回的人,意外的来到了异界,而控制能量竟成为了他潜意识的本能。 他能否控	webfic
23670707	书名陶瓷一生 露西·里作者托尼·伯克斯原版名称Lucie Rie译者彭程ISBN9787513328654页数256出版社新星出版社出版时间2017-12装帧精装。《陶瓷一生》是英国艺术家托尼·伯克斯创作的一本艺术著作，介绍20世纪欧洲著名陶艺家露西·里的生平和艺术成就。2017年由新星出版社发行中文版。内容简介露西·里（Lucie Rie，1902—1995）是20世纪的杰出陶艺家。她出身于维也纳的医学之家，20岁时对陶瓷一见钟情；历经两次世界大战烽烟，因犹太人的身份流离失所、亲朋离散，最终以陶瓷立足他乡，赢得世界赞誉，并三获英国女王授勋。在长达六十年的	pub
17052810	牛肝菌排配罗勒炒面主要食材牛肝菌,意大利面条分类面,西式,炒面,宴客,素菜。用料材料　　牛肝菌意大利面条素鸡肉浆松仁小西米罗勒番茄酱韩国醋辣酱青柠汁咖喱粉鲜奶油鲜牛奶做法1. 牛肝菌解冻，切成末。拌入素鸡肉浆，然后用保鲜膜卷成圆柱条，上笼蒸20分钟，出笼切厚片成牛肝菌排待用2. 罗勒摘取叶片，洗干净，切成细末待用3. 锅里加水，待	life
15283922	倪左国籍中国民族满族出生日期1957年8月职业沈阳市教育局副局长。倪左，男，满族，1957年8月出生，1976年7月参加工作，现任沈阳市教育局副局长、沈阳市政府教育督导室副主任，拟任沈阳市科协党组书记、并提名为沈阳市科协副主席人选。1986年11月加入中国共产党，大学学历，学士学位，	human
13444624	凤娇女作者沫-蔷小说进度连载连载网站起点中文网。《凤娇女》是在起点中文网连载的奇幻魔法小说，作者是沫-蔷。小说类型奇幻魔法内容简介她黑道的女王,一次火中丧生,却意外的穿越,来到一个不同与原来生活的地方。 偶遇他时,只认为他是一个打酱油的,只认为是偶然遇见,却不知留下了永恒的纠缠。她的光芒却让他止步,只因是心底有了以前从未有过的触动,便开始无赖的跟在她的身边。 	webfic
1580913	卢丙海国籍中国民族汉族出生日期1969年10月。卢丙海，男，汉族，1969年10月生于黑龙江省桦南县。大学学历(黑龙江大学经济法专业)，中共党员，1985年10月参加工作。现任佳木斯市检察院副处级检察员。人物履历历任桦南县公安局经侦大队大队长、桦南县检察院反贪局局长，桦南县检察院副检察长兼反贪局局长。任免信息2015年7月，拟任佳木斯市检察院党组成员、反贪局副局长。2016年12月，拟任佳木斯市人民检察院正处级领导职务。	human
20741189	所属专辑STRAIGHT音乐时长2分44秒。《木头人》是コブクロ的音乐作品，收录在《STRAIGHT》专辑中。歌词邰正宵-木头人 (Music) 朋友说我越来越孤僻　　也许我已习惯越来越靠近自己　　同时也很愿意与你分享一切　　Oh~~ 你在某天突然问起　　七十岁的时候我们还会不会恋爱　　后悔当时我并没有勇敢回答　　要把这秘密交给时间来保管它　　我好像123木头人 	play
17690377	山路弯作者代明刚类型网络小说连载平台起点网。《山路弯》是代明刚创作的网络小说，发表于起点网。作品简介本书用朴实的语言描写了一个乡村青年励志成才的故事，既乡村爱情故事，又有都市浪漫故事，读后令你欲罢不能。主人公从山村走出来，又回归山村，建设社会主义新农村的故事。故事中有11，有卧底，有人性的光辉，有勾心斗角和不择手段，本故事适合60后70后80后人	webfic
17008750	作品名称奉和袭美吴中言情见寄次韵创作年代唐作品体裁七言律诗作者陆龟蒙作品出处《全唐诗》。《奉和袭美吴中言情见寄次韵》是唐朝诗人陆龟蒙创作的一首七言律诗。诗词原文菰烟芦雪是侬乡，钓线随身好坐忘。徒爱右军遗点画，闲披左氏得膏肓。无因月殿闻移屟，只有风汀去采香。莫问江边渔艇子，玉皇看赐羽衣裳。作者简介陆龟蒙（？—约881），唐文学家。字鲁望，自称江湖散人、天随子，人称甫里先生。姑苏（今江苏苏州）人。举进士不第。	cul
6925509	湘潭大学体育教学部Physical Education Department, Xiangtan University类别教学部地点湘潭大学类型体育。湘潭大学体育教学部是直属主管校长领导下的学校二级教学单位，也是学校体育运动委员会的执行机构。负责全校学生的体育教育教学工作，为全校体育运动工作提供技术支持，同时根据教育资源和相关要求承担校内外的体育技术服务。体育部的主要职责包括：负责全校的体育教学、运动队部门职责下设体育教育系、运动训练系和人文体育系三个系以及体质测试中心和体育场馆管理中心两个中心。担负着校本部和兴湘学院大一、大二两个年级的大学体育课程教学；全校近3万名学生的体质健康测试工作；田径、男女篮球、男子足球和羽毛球5个常年代表队的训练；校内群众体	other
8499418	中国教育信息管理中心CHINAEM成立时间1987年所属机构教育部直属事业单位。中国教育信息管理中心是联合国教科文组织和世界教育信息管理协会与1960年共同发起的，2008年世界教育信息管理中心由联合国教科文组织牵头，同中国教育机关联合建立了针对中国教育培训信息管理的认证咨询组织——中国教育信息管理中心，中国教育信息管理中心有权不通过历史沿革中国教育信息管理中心创办始末：国内：中华人民共和国自1949年成立以来，政府一向十分重视发展教育事业。国家制定了多种法律，从不同角度保障人民教育的权利，经过50年的努力，中国的教育事业取得了长足的进步，但是中国教育仍存在很多滞后问题。主要原因表现在	ins
13367963	落叶坠,红颜泪小说类型穿越架空作者老猫吃鱼小说进度连载。《落叶坠,红颜泪》是一部穿越架空网络小说，作者是老猫吃鱼。内容简介夕阳入轩窗,红颜正梳妆。 叶随水自流。 一种相思,两处闲愁。 卷珠帘,伊人已苍颜……	webfic
9337437	氯萘油chloronaphthalene oil密度1.20～1.25沸点248～288。氯萘油由萘经氯化而得。用作增塑剂、除积碳剂、热交换介质、溶剂和防火剂等。【中文名称】氯萘油【英文名称】chloronaphthalene oil【密度】1.20～1.25【沸点（℃）】248～288【性状】几乎无色，稀薄而无色的易流动的油状液体。【溶解情况】溶于大多数有机溶剂和油类，不溶于苛性碱溶液和非氧化酸溶液。与沥青、蜡、	other
12192136	ISBN9787535931016页数177定价10.00元出版社广东科学技术出版社出版时间2002-1。《蔬菜无公害生产病虫害防治》由广东科学技术出版社出版。内容介绍《蔬菜无公害生产病虫害防治》介绍了蔬菜无公害生产中病虫害综合防治技术，内容包括无公害蔬菜的概念和生产要求、无公害蔬菜生产的病虫害防治措施和合理用药原则、农药科学使用的基本原理，以及各种常见蔬菜上发生的重要病虫防治方法等。着重描述了各种病虫害危害的典	pub
14301010	餐馆名称八一饭庄地区青岛市营业时间07:00-21:00。餐馆类型鲁菜适宜家庭聚会、朋友聚餐餐馆简介特色服务：提供早餐，有包厢。地址青岛市北区延安一路100号(动物园南侧)	poi
21033190	公司类型其他有限责任公司登记机关海南州兴海县工商行政管理局成立时间2000年12月25日发照时间2016年01月11日。兴海县鹏飞有色金属采选有限公司于2000年12月25日在海南州兴海县工商行政管理局登记成立。法定代表人郑钱君，公司经营范围包括有色金属采矿、选矿、加工及销售（以上依法须经批准的项目，经相关部门批准后方可开展经营活动）等。企业信息	org
4318390	环江文雅天坑群景区地理位置广西河池环江县文雅村面积3平方千米级别国家级地理区域环江县洛阳镇文雅村管理单位AAAAA资料来源环江旅游局旅游网。文雅“天坑”群位于环江毛南族自治县洛阳镇文雅村，距县城52公里，通过洛阳镇的华山有12公里四级沙路与外界联接。文雅天坑被第22次中英探险队的专家们称为中国第二大天坑群。其中“哥爱”天坑直径约500米，深度约400米，像一个巨兽怒吼着的大嘴一样的张开，俯瞰天地理位置位于广西省河池市环江县文雅村东北3公里处，面积3平方千米。动植物探险队在天坑底部发现，原始森林内的植物种类多达千种，大部分迥异于天坑外的植物，其中有列入国家重点保护的珍稀濒危植物的有短叶黄衫，香木莲、伞花木、掌叶木、异裂菊等21种，有单性木兰和活化	poi
2391629	坤甸Pontianak别名赤道之城行政区类别首府所属地区印度尼西亚西加里曼丹省地理位置加里曼丹岛西部面积17,220平方公里人口62.8万方言汉语，印尼语气候条件热带雨林气候机场坤甸苏帕迪奥国际机场。坤甸（Pontinank），又称庞提纳克，是西加里曼丹省省会和最大城市，赤道穿过城市。坤甸于1771年建市，该市位于卡布阿斯河入海口处，是西加省经济、政治中心。市内水路纵横交错，屋舍大多建于水上。面积108平方公里，人口50多万，其中华族人口约占35%。1历史沿革1771年10月23日建市，18世纪此地曾为兰芳共和国的首都。现今是西加里曼丹省的经济、政治中心和最大城市。该市市内水渠纵横交错，屋舍大多兴建在水上。华人人口占三分之一。旅游坤甸适合不会说印尼话的中国人前往旅游，特别是会说潮州话和客家话的人，来到这	poi
20067830	公司类型私营有限责任公司(自然人控股或私营性质企业控股)登记机关嘉兴市秀洲区市场监督管理局成立时间2014年02月26日发照时间2015年12月15日。华械集团有限公司于2014年02月26日在嘉兴市秀洲区市场监督管理局登记成立。法定代表人金红明，公司经营范围包括一般经营项目：第一类医疗器械的生产；第一类医疗器械等。企业信息	org
22713006	柳馨园社区，北京市通州区下辖社区。2015年4月，柳馨园社区诚信图书室开放，藏书1500余册。2016年2月，柳馨园社区举办国画学习课。	poi
1108896	盈通A78L战神版集成芯片显卡/声卡/网卡芯片厂商AMD主芯片组AMD RS780L。盈通A78L战神版是一款电脑主板，芯片厂商是AMD，主芯片组为AMD RS780L主板芯片芯片组描述：AMD RS780L北桥+SB710南桥芯片组显示芯片：集成ATI Radeon HD3000显示核心音频芯片：集成Realtek ALC661 6声道音效芯片网卡芯片：板载Realtek RTL8105E百兆网卡处理器规格CPU平台：	life
15423876	大头岗村位置广东省云浮市云安县石城镇人口二百来人面积二十亩。大头岗村位于广东省云浮市云安县石城镇（原托洞镇）先锋管理区。该村三面环水，背靠一山，车子进村只有一条路。左有田坑村，右有田心村，村口前有一大石材厂、大片桉树林与竹林，从外界很难发现此村，该村说白话，不说客家话，而镇上其他村都是以客家话为母语，故村民戏称自己居住在“世外桃源”。该村面积约二十亩地，人口约二百来人，皆姓黄，乃同宗族人。村风纯朴，道不拾遗，夜不闭户	poi
16585417	霸噬天澜作者风墨夜类型异世大陆连载平台纵横中文网出版日期2014-09-18。《霸噬天澜》是百度文学旗下纵横中文网签约作家风墨夜创作的一部异世大陆小说，小说已于2014-09-18正式发布。内容简介饕餮凶灵可吞万物，十万雷霆困锁凶灵，获吞噬之力。上古神玉潜能无限，四方生灵助我显威，踏强者之路。五派一寺，双邪一杀，纵横天地，扬我威名。墨园天翊，冥冥天意。何为天意，我名天翊！************************************	webfic
22370595	陈建利，男，汉族，1962年10月生，陕西咸阳人，中共党员，大学学历。历任咸阳市秦都区人民法院党组成员、副院长、正科级审判员，旬邑县人民法院院长，2016年2月任县人民法院院长。	human
15021595	马图奇酒店Hotel Matuchi房间数量10。马图奇酒店位于马斯特里赫特。简介在马图奇酒店，您可在餐厅享用到传统的马斯特里赫特美食。房型介绍酒店的房型有多种选择，提供了马拉喀什双人间、Maghreb三人间、每个客房都配有暖气, 淋浴, 浴缸, 卫生间, 浴室, 电视, 电话, 有线频道。设施与服务电视、暖气、无烟客房、携带宠物、	poi
10187962	余式辉国籍中国民族汉出生日期1939年6月。余式辉  馆员。1939年6月出生，广东人。中共党员。1959年毕业于华南农学院佛山分院中专部。1989年毕业于中共广东省委党校党政干部函授大专班。曾任广东省顺德市档案馆股长、副局级调研员。是广东省档案学会和佛山市档案学会会员，机关档案和企业档案管理省级评审员。主要学术成果：《搞好企业档案，为经济建设服务》、	human
2867400	经过所属专辑我是真的爱着你发行时间1991年01月演唱者杨庆煌。经过是杨庆煌主唱的一首歌，收录于专辑《我是真的爱着你》其主打歌曲为我是真的爱着你，发行1991-01-01。歌词内容我喜欢眺望远方怀念从前美好时光　　所有经过我生命的朋友啊因为有你我才不一样　　我喜欢雨后阳光告诉自己来日方长　　所有经过我生活的挫折啊因为有你我才会茁壮　　经过风经过雨 经过了思念和希望　　经过泪经过梦想 我们经过岁月和悲欢问你是否还记得年少的愿望	play
9205964	图书信息书 名: 全国和谐社区建设理论与实践:地方创新作　者：民政部基层政权和社区建设司出版社： 中国社会出版社出版时间： 2009年05月ISBN: 9787508725529开本： 16开定价: 32.00 元内容简介《全国和谐社区建设理论与实践:地方	pub
12618946	邰静仪国籍中国职业制作电影代表作品《龙蛇争霸》。邰静仪，参与制作过电影《龙蛇争霸》。基本资料图片姓名：邰静仪　　性别：　　生日：　　星座：　　籍贯：　　身高：　　血型：个人概述喜好：　　专长：　　习惯：　　其他：成长经历个人荣誉参与制作过的电影:龙蛇争霸(1990) .... 制片人个人影响人物评价	human
10199971	主引导分区概念硬盘主分区，即C区功能存放硬盘的分区信息和引导程序别称主引导扇区。主引导分区一般就是指硬盘主分区，即C区，其功能是存放硬盘的分区信息和引导程序。但主引导扇区则是指硬盘0柱面0磁道上的第一个扇区（512B），里面存放着硬盘的分区信息和引导程序，计算机开机自检后调用主引导扇区的内容来进行计算机的启动，根据分区信息找到存放操作系统的分区（一般为C），然后将控制权交给操作系统，完成系统启动。主引导扇区内容	other
3845446	书名让学生快乐地学习作者福州屏东中学委会ISBN9787807196457定价58.00元出版社海峡文艺出版社出版时间2011年8月1日装帧平装开本16开。《让学生快乐地学习》是2011年8月1日海峡文艺出版社出版的图书，由福州屏东中学委会编写。本书主要介绍了让学生快乐学习的方法。内容简介理念篇——春城无处不飞花、兴趣篇——春江水暖鸭先知、快乐篇——一树春风千万枝、实践篇——纸上得来终觉浅、思考篇——关山初度路犹长等。图书目录理念篇——春城无处不飞花让学生快乐地学习——屏东中学培养学生乐学品质的思考和实践兴趣篇——春江水暖鸭先知激发	pub
21692960	审结日期2017年3月19日文件类型判决书审理程序一审。祁德林诉周兴荣民间借贷纠纷案是2017年3月19日在新疆维吾尔自治区吉木萨尔县人民法院审理的案件。案由民间借贷纠纷、借款合同纠纷、合同纠纷、合同、无因管理、不当得利纠纷、民事权责关键词简易程序、诉讼请求、审判程序、质证、关联性、客观性、证明、证人证言、证据种类、证据、诉讼关键词、违约金、合同、民事责任规定、权责情节、民商事案例原文新疆维吾尔自治区吉木萨	soc
