bkid	info	label
7365728	波西耶特湾posyet别名波谢特湾所属地区俄罗斯滨海边疆区哈桑区地理位置位于日本海的彼得大帝湾面积长33公里、宽31公里气候条件温带海洋性气候。俄罗斯波西耶特湾（又译“波谢特湾”）属于彼得大帝湾的一部分，原属中国，称摩阔崴海湾。简介1957年苏联宣布整个彼得大帝湾是苏联的内海。由滨海边疆区负责管辖，长33公里、宽31公里，沿岸多小海湾。西方国家首次发现该海湾是在1852年由法国的护卫舰发现的。该海湾原属于中国叫摩阔崴海湾，1860年《清俄北京条约》签订后，成为俄国的海湾。为纪念俄	poi
23862639	最强战牧作者不懂老湿类型游戏连载状态已完结。最强战牧是一部游戏类型网络小说，作者是不懂老湿。内容简介叶枫穿越回一年前，第一件事就是找到校花表姐给自己当打手。紧接着校花表姐的大胸美女闺蜜也未能逃脱叶枫的魔爪。你以为这就完了吗？当着高富帅的面，叶枫直接把他想要泡的女神给拐走了！战斗不息，泡妞不止！创世大陆上最强的战斗牧师，撩妹的步伐永不停歇！章节目录	webfic
7570985	ppt压缩软件软件类别多媒体软件/视频转换软件大小4.38 MB软件语言简体中文。ppt压缩软件能在数秒内显著减少Microsoft Office文件的大小。这些文件将保持其原有的格式，压缩后的文件无需任何解压软件就能直接使用。软件信息软件授权：免费软件软件运行：Winxp/vista/win7/2000/2003软件介绍其使用之简单让人难以置信 - 只需选择一个Word，Excel、 PowerPoint文件或PDF文件，选择压缩级别，并点击优化按钮即可完成。软件功能特色1.无	science
16028205	陈利民，曾任辽宁大连市人大副主任。人物履历曾任辽宁大连市人大副主任。任免信息2016年1月15日，大连市十五届人大四次会议，表决通过了接受陈利民辞去市人大常委会副主任职务请求的决定。	human
3735173	维斯雷恩Jan Versleijen国籍荷兰出生地芬洛出生日期1955-12-29惯用脚右脚。维斯雷恩，英文名Jan Versleijen，荷兰人，足球教练，2011年12月，维斯雷恩正式成为河南建业队主教练。2012年7月15日，河南建业宣布解约维斯雷恩。个人成就代表国家队：出场0次，进0球欧洲三大杯：出场0次，进0球欧洲冠军联赛：出场0次，进0球2011年12月，维斯雷恩正式成为河南建业队主教练。2012年7月15日，河南建业宣布解约维斯雷恩。亚洲执教经历：从1997年开始，维斯雷恩常年在亚洲执教，其中包	human
4651808	菲利普·德根Philipp Degen国籍瑞士出生地利斯塔尔出生日期1983年2月15日毕业院校巴塞尔青训身高185cm体重84kg运动项目足球所属运动队巴塞尔足球俱乐部场上位置右后卫惯用脚右脚球衣号码4号曾效力球队利物浦足球俱乐部。菲利普·德根（Philipp Degen），1983年2月15日出生于瑞士利斯塔尔，瑞士足球运动员，场上司职右后卫，现效力于瑞士超的巴塞尔足球俱乐部，曾效力于英超的利物浦足球俱乐部。运动生涯右路主力惊人的速度是德根的标志。德根曾经说过：“我更喜欢参与进攻。”瑞士国家队主帅库恩也证明了德根的这番言论，并且雅各布·库恩预言德根一定可以在德甲赛场取得成功。德根拥有出色的身体素质与惊人的耐力，他将成为国家队的右路发动机。坚定原则德根希望自己在	human
5454730	旭庆江湾国际花都行政区域渝中区区域板块大坪板块项目位置渝中区大坪肖家湾长江二路。旭庆江湾国际花都位于渝中区大坪肖家湾长江二路。基本信息　　行政区域：渝中区　　区域板块：大坪板块　　项目位置：　　建筑类型：高层　　物业类别：住宅、花园洋房、高层江景美宅(二期)　　开发商：重庆旭庆房地产开发有限公司　　投资商：重庆旭庆房地产开发有限公司物业公司：深圳万科物业管理有限公司　　物业费：1	poi
4948811	unprotoize.exe是Bloodshed Dev-C++的相关转换程序，用于该软件的将ANSI C的形式转化为K&R C的源码的功能。 	science
19383797	Alexandra Winisky职业演员。Alexandra Winisky是一名演员，出演过《朱迪卡埃尔》、《泰迪熊》等影片。电影作品上映时间剧名扮演角色导演主演担任职务2001朱迪卡埃尔　　Claude d'Anna夏尔·阿兹纳夫，马蒂·维拉龙嘉演员1994泰迪熊　　雅克·德雷阿兰·德龙，弗兰西丝卡·戴乐拉演员	human
8529603	变律测试(Distorted Melody Test创作者玛辉尼时间1987年。变律测试是指用于检查音乐欣赏者觉察旋律中的轻微音调变化能力的删试。玛辉尼1987年根据卡姆斯和弗瑞1980年的研究报告改编。由从民俗音乐、通俗音乐和经典音乐中选出的20首旋律组成。每首旋律都由正弦调合成器来演奏．并且注意产生的拍子和节奏要与正常的演奏一致。变律测试Jump to: navigation, search由从民俗音乐、通俗音乐和经典音乐中选出的20首旋律组成。每首旋律都由正弦调合成器来演奏，并且注意产生的拍子和节奏要与正常的演奏一致。对于其中的5首旋律，其音调完全按其固有的调子演奏出来。而剩余的	other
5081849	公司名称泗阳县青云精细化工有限公司总部地点泗阳县经营范围精细化工公司性质有限责任公司。简介公司最早成立于1990年，是一家以研发生产全氟辛酸、三氟已酸（酐）、全氟辛酸铵盐、全氟丁基磺酸钾、氟碳环醚等氟系列产品的企业。2006年公司为了市场需求，决定总投资1500万元在泗阳县建立新工厂。一期工程建设已于2006年2月完成并正式投入生产，当年销	organization
10061152	书名治愈癌症救命疗法作者王药出版社吉林文史出版社出版时间2010-1-1ISBN9787547201121开本16开定价28.00元。《治愈癌症救命疗法》是2010年吉林文史出版社出版的图书，作者是王药。内容简介癌症，医学上称为恶性肿瘤，是威胁人类健康和生命最严重的疾病之一，至今被视为难治甚至不治之症。2009年6月，48岁的中央电视台著名主持人罗京因罹患淋巴癌，在与癌症顽强抗争九个月、进行九次化疗后不幸逝世。2009年7月，一位同样罹患淋巴癌的78岁老人	publication
3149087	彭重华国籍中国民族苗族出生日期1954年性别男。彭重华，男，1954年出生，苗族，教授、博士、博士生导师，园林学术带头人。  湖南省花卉协会常务理事，湖南风景园林协会理事，株洲市城市规划设计院彭重华博导景观规划设计室主任，株洲云田花木总公司、长沙雨花区园林工程公司技术负责人、湖南怡人园林绿化有限公司规划个人简介 彭重华，男，1954年出生，苗族，教授、博士、博士生导师，园林学术带头人。 　湖南省花卉协会常务理事、湖南风景园林协会理事、株洲市城市规划设计院彭重华博导景观规划设计室主任、株洲云田花木总公司、长沙雨花区园林工程公司技术负责人、湖南怡人园林绿化有	human
13150470	网游之至尊学徒作者闻稥小说进度连载连载网站纵横中文网。小说类型游戏网游内容简介一款游戏风暴,一个游戏世界。真的是游戏吗?没人知道。这是神话的结束,还是新生……	webfic
1484155	道真自治县人民政府道真自治县人民武装部关于表彰2005年度征兵工作先进单位和个人的通知类别通知公布机构道真自治县人民政府公布时间二○○六年十一月三日。在2005年度冬季征兵工作中，各乡（镇）人民政府和征兵工作部门认真贯彻执行市政府、军分区和县人民政府、县人民武装部《征兵命令》，认真落实征兵工作责任制，较好地完成了上级赋予我县的新兵征集任务，涌现出了一批征兵工作成绩突出的先进单位和个人。为表彰先进，进一步各乡（镇）人民政府、人民武装部，县政府各工作部门：一、先进单位玉溪镇、上坝乡、大矸镇、忠信镇、洛龙镇、棕坪乡、桃源乡、公安局、县人民医院、运管所。二、先进个人雷厚权（玉溪镇党委书记）何建旭（桃源乡人民政府乡长）何世忠（玉溪镇原人民武装部部长）何东才（大矸镇	society
9455912	民政部关于印发2010年党风廉政建设工作要点的通知类型通知文号民发〔2010〕25号发布时间二〇一〇年三月四日。民政部2010年党风廉政建设工作的总体要求是：全面贯彻党的十七大和十七届三中、四中全会精神，以邓小平理论和“三个代表”重要思想为指导，深入贯彻落实科学发展观，按照第十七届中央纪委第五次全会和国务院第三次廉政工作会议部署，紧紧围绕民政中心工作，加强以保持党同文件发布各省、自治区、直辖市民政厅（局），新疆生产建设兵团民政局；各司（局），全国老龄办，直属事业单位，部管社团：现将《民政部2010年党风廉政建设工作要点》印发你们。请结合实际，认真贯彻落实。二〇一〇年三月四日文件全文一、以开展重点项目和资金监督检查为主	society
13328807	吸血鬼时期作者凌时十二夜小说进度连载连载网站起点中文网。《吸血鬼时期》是在起点中文网上连载的一部小说，作者是凌时十二夜。小说类型异世争霸内容简介二零八零年,「吸血鬼时期」的结束,魔王遗言要选出新魔王,继续「吸血鬼时期」,但人类智慧胜过一切一切,暂缓了新魔王的诞生。直到二一零四年,新魔王已萌芽,但人类慒然不知,当中先知先觉的却没有能力阻止,有能力阻止的却只有两人,第一代魔王的	webfic
22859919	作品名称序洛诗序创作年代唐代作品体裁散文作者白居易作品出处《全唐文》。《序洛诗序》是唐代白居易创作的一篇散文。作品原文序洛诗序序洛诗，乐天自序在洛之诗也。予历览古今歌诗，自风骚之后，苏李以还，次及鲍谢徒，迄于李杜辈，其间词人闻知者累百，诗章流传者巨万，观其所自，多因谗冤谴逐，征戍行旅，冻馁病老，存殁别离，情发于中，文形于外，故愤忧怨伤之作，通计今古，什八九焉。世所	literature
23539489	公司名称苏州市联鑫设备科技有限公司成立时间2003年07月11日总部地点苏州市十梓街327号。苏州市联鑫设备科技有限公司于2003年07月11日成立。法定代表人杨海明,公司经营范围包括：研发、销售：设备线缆连接器、机械设备的控制软件及配件、物流设备、仓储设备；销售：电子产品、文化用品、五金产品、化工原料（不含危险品）、家用电器、包装材料及耗材、防静	organization
8182109	3·14π日狂欢节时间2013年3月14日起因大家传颂着圆周率之歌，吃着各性质狂欢节。情人节过后一个月，是传说中的“白色情人节”，然而，当其撞上“π节”时，乐趣便平添了许多。2013年3月14日，本着向数学、科学和理性致敬的心态，网络上很多科学青年们在网上开展了一个疯狂的“π”对！起因大家传颂着圆周率之歌，吃着各种派，看着少年派的奇幻漂流，度过了这个颇具科学寓意的美好节日。3月14日，百度搜索也开始卖萌，通过数学常数“π”的不断滚动，带大家领略了一次互联网上的“奇幻漂流记”。美国立法由于3·14这一特殊的含义，美国已经通过立法的形式	society
16575829	我无奈的当个坏人作者春晓之花类型江湖情仇连载平台纵横中文网出版日期2013-12-24。《我无奈的当个坏人》是百度文学旗下纵横中文网签约作家春晓之花创作的一部江湖情仇小说，小说已于2013-12-24正式发布。内容简介我本好人，是社会的无奈，让我变成一个，不折不扣的坏人你们逼我，那我就变成一个坏人。	webfic
21108083	公司类型有限责任公司登记机关杭州市萧山区市场监督管理局成立时间2015年07月16日发照时间2017年05月03日。杭州明日软包装有限公司于2015年07月16日在杭州市萧山区市场监督管理局登记成立。法定代表人徐雪明，公司经营范围包括包装装潢，其他印刷品印刷；制造：塑料薄膜等。企业信息	organization
20645300	所属专辑ロマンス音乐时长5分44秒。《游月恋歌》是ALIPROJECT的音乐作品，收录在《ロマンス》专辑中。歌词ALI PROJECT - 游月恋歌 作词：宝野ありか　　作曲：片仓三起也　　编曲：斉藤暁　　★ VAN制作  あなたが寝ていた场所に　　月の光が　堕ちる　　残った夜をわたしは　　哀しむために　生きる　　さなぎのまま　　眠った蝶みたい　　この想いは　　	entertainment
9110221	浙江省委党校地点浙江省创建于1949年9月占地225亩。浙江省委党校创建于1949年9月，1988年12月设立浙江行政学院后实行“两块牌子，一套工作班子”的管理体制。校园本部位于杭州市余杭区五常街道区域内，占地225亩、建筑面积11.06万平方米。分部文欣校区位于杭州市西湖区西溪街道区域内，占地85.46亩、建机构人员全校内设27个处级机构和机关党委，其中教研部门10个。现有教职工350余人，其中专业技术人员150余人。现有教授30余名，副教授近50名，博士近50人，还聘请30余位省内外知名专家、学者和党政领导干部为兼职教授。学校有公开发行刊物《中共浙江省委党校	organization
1273518	桂花莲藕小枣主要食材桂花,莲藕分类家常菜口味香甜。桂花莲藕小枣是一道美食，由桂花，莲藕等原料制作而成。用料莲藕 300g干小枣 100g白砂糖 100g麦芽糖 3汤匙（45g）糖桂花 2汤匙（30g）盐 1/3茶匙（2g）做法1莲藕切去两头节蒂削去外皮，用清水冲洗干净，切成0.5cm厚的圆片。干小枣用清水冲洗干净。2锅中放入适量热水，大火烧沸后将藕片放入氽	food
14306557	餐馆名称晋香聚山西刀削面地区北京市人均价格25营业时间10:30-22:00。晋湘聚秉承山西面食历史悠久，源远流长，从可考算起，已有两千年的历史了。餐馆类型快餐适宜情侣约会、朋友聚餐、休闲小憩、随便吃吃餐馆简介以面条为例，东汉称之为“煮饼”；魏晋则名为“汤饼”；南北朝谓“水引”；而唐朝叫“冷淘”……面食名称推陈出新，因时因地而异，俗话说娇儿宠称多，面食众多的称谓与名堂，正说明山西人对它的重视和喜爱。特	poi
20752361	所属专辑车载高清音乐3情烧草原发行时间2009-01-01音乐时长5分35秒。《高原红》是群星的音乐作品，收录在《车载高清音乐3情烧草原》专辑中。歌词高原红 - 群星 　　许多的欢乐 　　留在你的帐篷 　　初恋的琴声 　　撩动几次雪崩 　　少年的我 　　为何不懂心痛 　　募然回首 　　已是光阴如风 　　离乡的行囊 　　总是越来越重 　　滚滚的红尘 　　难掩你的笑容 　　青藏的阳光 　　日夜与我相拥 	entertainment
9849696	公司名称中山市一体厨房用品有限公司总部地点中山市成立时间1999年经营范围厨房用品。中山市一体厨房用品有限公司是以组合刀具、厨刀、菜板、刀座、厨用小五金、厨柜饰品为主营业务的有限公司。公司简介一体厨房用品有限公司成立于1999年，是专业从事组合刀具、厨刀、菜板、刀座、厨用小五金、厨柜饰品等家庭厨房用品销售的公司。是中山友力餐具有限公司在国内的销售公司，销售市场从出口西欧延伸到国内市场，凭借优异的产品，精湛的工艺，时尚新颖的款式，富有文化	organization
21005540	公司类型有限责任公司登记机关武汉经济技术开发区行政审批局成立时间2014年12月08日发照时间2014年12月08日。湖北鑫剑波石化设备制造有限公司于2014年12月08日在武汉经济技术开发区（汉南区）行政审批局登记成立。法定代表人余玉平，公司经营范围包括石化设备制造（不含危险品）、浮头式换热器等。企业信息	organization
21929856	审结日期2017年1月20日审理法院浙江省义乌市人民法院文件类型裁定书审理程序一审。吴英娟诉李章明等民间借贷纠纷案是2017年1月20日在浙江省义乌市人民法院审理的案件。案由民事、合同、无因管理、不当得利纠纷、合同纠纷、借款合同纠纷、民间借贷纠纷权责关键词民商事、权责情节、代理、诉讼关键词、审判程序、撤诉案例原文浙江省义乌市人民法院民事裁定书原告：吴英娟。委托诉讼代理人：吴汝伟、万骁腾，浙江商城天马律师事务所律师。被告：李	society
10130520	书名宋代明州与高丽作者王力军ISBN9787030308313页数222定价￥158.00出版社科学出版社出版时间2011-5-1开本16开。《宋代明州与高丽》是2011年科学出版社出版的图书，作者是王力军。内容简介明州即今日宁波，是中国古代海上丝绸之路的核心港城。宋神宗熙宁年后，为了抗击辽国，收复北方失地，推行“联丽制辽”的外交政策。由于北方先后为辽、金所据，传统通往朝鲜半岛的官方航线受阻，因此，熙宁以降，明州成为宋廷规定的与高丽官方往来的唯一合法港口。宋朝	publication
18273317	激情女主播作者燕山赤侠连载状态连载连载平台起点网更新时间2009-11-11。《激情女主播》是燕山赤侠创作的网络小说，发表于起点网。作者燕山赤侠作品简介保持与生俱来的圣洁，就是纯粹的人。否则，人就变成了妖孽！爱情与仇恨点燃了美丽绝伦的女主播的复仇烈火，精神病医生被迫在救赎与自我救赎的地狱中挣扎。那么他	webfic
14558400	为你袖手作者月上雪林小说进度连载连载网站潇湘书院。《为你袖手》作者是月上雪林，小说进度连载，连载网站潇湘书院。小说类型玄幻小说内容简介他是神界尊者,是六界最高贵,最强大的存在,也是最无心无情的存在,却为她种下千里梨林。 她是神界的上神,是神界实力除了他最强大的存在,却在六万年前灰飞烟灭,而史官只是一笔带过,没有任何解释。 其实灰飞烟灭的是她的一个侍女,却是因为神魔	webfic
4803899	公司名称海南金鹿投资集团有限公司总部地点海口成立时间1958经营范围农机生产销售公司性质有限公司。海南金鹿投资集团有限公司是由创建于1958年的海口八一手扶拖拉机制造厂，先后合并和兼并了原海口实验厂、海口通用厂、海口标准件厂、海南机械厂、海口市砖二厂、澄迈县红峰农场的基础上建立起来的。公司下辖多家分厂、分公司和1个农场。是集农机生产销售、低速汽车生产销公司介绍2005年5月由海南金鹿投资集团有限公司及社会自然人发起的海南金鹿农机发展股份有限公司，是经海南省发展与改革厅批准，海南省工商行政管理局注册成立的以农机生产销售、低速汽车生产销售为主的规范化股份制企业，其通过国际ISO9001:2000质量体系认证	organization
14383865	千帆之梦作者安晓晴小说进度连载连载网站晋江文学城。《千帆之梦》是晋江文学城连载的小说，作者是安晓晴。小说类型言情小说内容简介这是一个属于安晓晴的故事这是她对在她生命中出现的人们的纪念里面有爱情、亲情、友情有家庭、有工作、有喜好有各种各样的东西但是,这一切,都属于安晓晴...一个个短短的故事,有着人生的剪影生命,如梦...千帆过尽……	webfic
12599554	永丰新城国际产权类型： 大产权房容积率： 2.07建筑面积： 126000平方米。永丰新城国际项目占地约90亩，规划建筑面积12万平方米，开发期为2009-2012年，一期工程有4栋双气小高层，其中11层两栋、10层半两栋。该项目位于东城区核心区域，北临6车道许都路，对面是许昌会展中心和文博馆；南临智慧大道；西临清潩河游园；许都公园、华基本信息行政区域： 东城区项目位置： 东城区智慧大道与许都路交会处交通状况： 位于城市主干道建筑类型： 多层,小高层,高层物业类别： 普通住宅开发商： 郑州市永丰地产开发有限公司详细信息产权类型： 大产权房容积率： 2.07绿化率： 36%建筑面积： 12	poi
9626846	基本资料弗格尼尼（1987.05.24）是一名意大利职业网球运动员。曾在2011年法国网球公开赛跻身男单8强,2012赛季收获两站ATP巡回赛亚军。2012年9月圣彼得堡站比赛中作为四号种子出战的弗格尼尼在决赛中负于三号种子克里赞，这是25岁的弗格尼尼第二	human
11455	孙立群国籍中国出生日期1950.4职业教授毕业院校南开大学代表作品《解读大秦政坛双星----吕不韦与李斯》。孙立群，男，1950年4月15日出生，天津市人。中共党员。南开大学历史学院教授。1975年毕业于南开大学历史系，博士学位。现任历史系中国古代史教研室副主任，中国社会史学会理事。主要从事中国古代史的教学与研究工作。在南开大学教授古代史三十余年，深受同学们爱戴主要作品书籍《中国古代史》(1979年，人民出版社)《中国古代图书事业史》(1990年，上海人民出版社)《史记选》(1990年,中华书局)《士人与社会·秦汉魏晋南北朝卷》(1992年天津人民出版社)《新编中国历朝纪事本末》(1995年山西教育出版社)《中国	human
19152410	12月16日，黑河市委书记刘刚主持召开中共黑河市委五届62次常委会。会议审议通过《在市委五届九次全会上关于市委常委会工作的报告（讨论稿）》、《中共黑河市委关于制定国民经济和社会发展第十三个五年规划的建议（讨论稿）》；听取市委常委班子“ 三严三实”专题民主生	organization
20999244	公司类型股份有限公司登记机关永州市工商行政管理局成立时间2012年11月30日发照时间2016年10月09日。湖南双牌农村商业银行股份有限公司于2012年11月30日在永州市工商行政管理局登记成立。法定代表人谢辉，公司经营范围包括吸收公众存款；发放短期、中期和长期贷款；办理国内结算业务等。企业信息	organization
18307103	无限穿越宝典作者请叫我中路杀神连载平台起点网。《无限穿越宝典》是请叫我中路杀神创作的网络小说，发表于起点网。作者请叫我中路杀神作品简介古董店掌眼杨峰偶然得到神书穿越宝典，开启了自己的无限穿越之旅。 和荆轲盖聂拜把子，认曹操当大哥，李世民当咱后台，杨宗保是咱马仔，朱棣是咱老板，咸丰太弱就干他丫的。 什么你要看关公战秦琼，这里没有，主角却是先战关公后战秦琼。高阳公主	webfic
5799618	金硕仁民族朝鲜族出生地吉林汪清出生日期1954年4月。金硕仁，男，朝鲜族，1954年4月生，吉林汪清人。中共党员，博士学位。吉林大学世界经济专业毕业。曾任共青团延边州委书记，州政府副秘书长，珲春市委副书记、市长（副州长级），州政府副州长，州委副书记、纪委书记，州委副书记，延边州人大常委会主任。2008年3月当选第十一届全国人大常委。是第十一届全国人大代表。	human
17740283	一生一世有你便足矣作者苏城夏雨连载平台起点网类型网络小说。《一生一世有你便足矣》是苏城夏雨创作的网络小说，发表于起点网。作品简介“我会给你我的一生一世。”爱她的人说。 “我许不了你一生一世。”她爱的人说。 “我不明白，也没想过一生一世。”她自喟。 张小娴说过，不爱的人，再寂寞也不要依赖。 在她爱的和爱她的之间，她选择等待。 因为有句话说，是你的，终究是你的，放弃了你所要的，	webfic
21753655	审结日期2017年3月6日审理法院广东省深圳市宝安区人民法院文件类型判决书审理程序一审。深圳市佳诚达科技有限公司诉深圳市豪恩电子科技股份有限公司买卖合同纠纷案是2017年3月6日在广东省深圳市宝安区人民法院审理的案件。案由民事、合同、无因管理、不当得利纠纷、合同纠纷、买卖合同纠纷权责关键词民商事、权责情节、代理、委托代理、民事责任规定、合同、诉讼关键词、审判程序、缺席判决案例原文广东省深圳市宝安区人民法院民事判决书原告深圳市佳诚达科技有限公司。法定代表人赵金跃，总经理。	society
14880852	乘雷回古代作者春山笑小说进度连载连载网站潇湘书院。《乘雷回古代》是一部在潇湘书院连载的穿越架空类小说，作者是春山笑。小说类型穿越架空内容简介一声炸雷将我劈回唐朝,我糊里糊涂的在这生根发芽了,运用现代的经营手段我的生意越做越红火,而现代的思想模式也让我得到了众人的爱戴,最重要的是,我的懒惰也让我活的轻松自在,我不得不感叹现代的生活方式是历史累计的智慧啊。 我在唐代惹得众人	webfic
18320112	无级之冥河之徒作者星空的闪耀类型仙侠武侠连载平台17K小说网。《无级之冥河之徒》是星空的闪耀创作的仙侠武侠小说，发表于17K小说网。作品简介此书讲述一个男人因怒骂天神而被送往了一个仙侠世界，而这个仙侠世界却牵涉到了洪荒世界。而这个天神又为何在茫茫人海之中选中这个因为芝麻大点的事情，而将这个男人送往仙侠世界呢？且这个男人在仙侠世界居然是个是个女儿身，他又是否能够变回男儿身呢？敬请关注此书	webfic
19298233	Strongman所属专辑World&apos;s Strongest Man - The Soundtrack发行时间2014-07-14歌曲原唱Bruce Aronson歌曲语言英语。歌曲: Strongman	entertainment
22159259	林火英国籍中国民族汉族出生日期1969年6月。林火英，女，汉族，1969年6月出生，海南乐东人，1990年8月参加工作，2000年6月加入中国共产党，大专学历。现任三亚市总工会经费审查委员会主任、党组成员。人物履历历任三亚市人大常委会办公室秘书科副科长、科长。任免信息2017年10月10日，拟提名为三亚市总工会副主席人选。	human
21884857	审结日期2017年2月8日审理法院湖北省武汉市武昌区人民法院文件类型判决书审理程序一审。高斌诉汪晓玉等民间借贷纠纷案是2017年2月8日在湖北省武汉市武昌区人民法院审理的案件。案由民事、合同、无因管理、不当得利纠纷、合同纠纷、借款合同纠纷、民间借贷纠纷权责关键词民商事、权责情节、代理、委托代理、民事责任规定、合同、诉讼关键词、审判程序、陪审、执行案例原文湖北省武汉市武昌区人民法院民事判决书原告：高斌。委托诉讼代理人：张习华、刘莹	society
21667124	审结日期2017年3月23日审理法院湖北省武汉市江夏区人民法院文件类型裁定书审理程序执行。肖冬枝诉沈芳等民间借贷纠纷案是2017年3月23日在湖北省武汉市江夏区人民法院审理的案件。案由民事、合同、无因管理、不当得利纠纷、合同纠纷、借款合同纠纷、民间借贷纠纷、执行权责关键词民商事、诉讼关键词、临时性救济和保障程序、财产保全、执行、查封、扣押、冻结案例原文湖北省武汉市江夏区人民法院执行裁定书申请执行人:肖冬枝。被执行人：沈芳。被执行人：	society
5893821	亚太国际资讯集团有限公司文献《金融画册》时间9月18日包括北京、深圳、上海、广州。亚太国际资讯集团有限公司是一家以出版图书为主营业务的资讯集团有限公司。公司历史● 1995年9月 《金融画册》创刊，并于9月18日出版了第一本季刊；● 1996年9月 9月18日《金融画册》改版更名为《金融配套市场》并出版第一期双月刊；● 1996年10月 10月10日取得亚太国际出版有限公司在香港政府的注册成立资格证书。●	organization
9722704	那鲁其他名称涉谷一也配音泰勇气登场作品《奇幻贵公子》,《恶灵猎人》生日9月19日年龄17岁性别男血型A型身高175cm真名奥利佛·戴维斯助手林兴徐哥哥尤金·戴维斯喜欢的人谷山麻衣国家英国籍日裔身份心理学家。那鲁，是日本动漫《奇幻贵公子》中的男主角。化名涉谷一也，涉谷SPR特异功能调查所长。由于自恋被麻衣昵称为那鲁（Naru）或小恋。（备注：Narcissus，希腊神话溺死后化成水仙的美少年）。角色设定涉谷一也声优：泰勇气昵称：那鲁（小恋）真名：奥利弗·戴维斯诞生日：9月19日星座：处女座血型：A型身高：175cm年龄：17岁国籍：英国籍日裔（拥有1/2爱尔兰血统）职业：SPR·涉谷特异功能调查所所长灵能力：气功、灵媒体质身份：心理学家角色背景剑	human
16123226	软件名称精美水族馆找茬软件平台mobile软件版本1.0运行环境Android 2.2应用类型卡片棋牌类。《精美水族馆找茬》是一款卡片棋牌类软件，支持Android 2.2。应用介绍游戏加载完毕后点击PLAY GAME-再点击PLAY即可开始游戏。　　类似于海底世界找茬类型的游戏，主要是在两个界面内找寻不一样的物品方可，喜欢找茬类型游戏的朋友可以进来小试一下自己的身手。	science
20955512	公司类型有限责任公司(自然人独资)登记机关绵阳市工商行政管理局成立时间2007年03月21日发照时间2014年06月24日。四川蜀韵天伊服饰有限公司于2007年03月21日在绵阳市工商行政管理局登记成立。法定代表人张桂熙，公司经营范围包括服饰、百货、针纺织品的设计、制作及销售，货物进出口贸易等。企业信息	organization
13682859	吴汉民国籍中国出生日期1939年12月毕业院校北京石油学院。吴汉民 男，1939年12月生，浙江省吴兴人。大专文化，1965年毕业于北京石油学院夜大机械学矿机专业，先后在石油部上海供应办事处、华东石油勘探局、胜利油田、江汉油田供应处任计划员、工程师、副主任工程师、副处长。曾任湖北省江汉石油管理局副总经济师兼供应处处主持起草了《物资供应体制改革方案》、《建立油田内部物资市场的意见》。建立健全了评价油田内部物资工作经济效益的指标体系，为全局物资供应工作步入市场作出了贡献。1989年3月，被中国石油天然气总公司评为高级经济师。兼任湖北省石油学会常务理事，湖北省石油学会物资	human
22241802	书名“粮改饲”种草养兔配套生产技术作者刘宁ISBN978-7-122-30850-4页数246页出版时间2017年11月装帧平开本大32K　850×1168　1/32版次1版1次。《粮改饲”种草养兔配套生产技术》是2017年化学工业出版社出版的图书，图书作者是刘宁。内容简介兔属于草食动物。兔肉是珍贵的食物，其营养价值居各种畜禽肉之首。兔皮和兔毛是良好的生活用品原料。基于我国农区作物饲草的物候气象条件和种植分布特点，本书介绍了农区家兔喜食的豆科、禾本科、菊科等优质品种草料，并对这些草料品种的生产性能、营养价值、饲喂技术	publication
8479738	王银根，男，1965年5月出生，江苏吴江人，1986年7月参加工作，1992年11月入党，党校函授大学学历，现任市交通运输局副局长、党委委员，拟聘为市交通投资集团有限公司总经理。	human
54632	黄花滩村不详行政区类别移民村所属地区甘肃省武威市古浪县黄花滩乡。黄花滩村位于甘肃省武威市古浪县黄花滩乡，是一个移民村。也是一种新农村建设城乡融合发展核心区。历史上世纪八十年代，在响亮的五滩开发号角声中，因信息闭塞，交通不便，生活艰苦而空守寂寞的极少数山里人，弃家来到这个沙漠边缘的不毛之地，啃着窝窝头，睡着地窝铺，咬紧牙关，硬是顶着风吹日晒，整理开辟出一个全新的家园。地理环境黄花滩村地处腾格里沙漠前缘，这里过去	poi
18932345	软件名称全功能按揭计算器软件平台IOS软件大小1.3MB软件语言中文价格¥6.00。《全功能按揭计算器》是一款IOS平台的应用。应用介绍全功能按揭计算器,可用于各种情况的购房按揭贷款计算.提供最新的商业贷款年利率及公积金利率,并可对利率自定义输入,充分满足不同的需求。具有以下特点: 1、还款方式可选择:等额本息还款法、等额本金还款法两种方式。 2、贷款类别可选择:商业贷款、公积金、	science
7494587	中文学名大孔帽虫拉丁学名Sethopilium macropus Haeckel,1887界动物界目罩笼虫目亚目笼虫亚目科三肋笼虫科属孔帽虫属。壳表光滑，具浅领缢。头胸长之比为5：8，宽之比为6：11，头呈半球形，具不规则状的双形小孔，孔径与孔间桁宽近相等。3条胸肋粗大而略弯曲。发育成为3个微弯的圆锥形长脚。在每二肋之间的领缢之下有2—3个大孔，接着向口缘处有2—3排较小的网孔，各孔孔缘呈双轮廓形分类信息定名人：Haeckel年代：1887中文名：大孔帽虫原始文献：Rep. Sci. Res. H. M. S. Challenger, Zool., 18: 1203, pl. 97, fig. 9.国内分布：南海中、北部。国外分布：中太平洋。资料来	nature
17274416	软件名称火焰生活壁纸软件平台mobile软件版本1.0运行环境Android 2.2应用类型​壁纸美化类。应用介绍一款精美的动态壁纸软件，通过个性化的动态设置，使您的手机桌面与电脑桌面一样看起来更加独特，美观实时装扮你的桌面，喜欢的你还等什么，赶快来下载吧！	science
5180560	成都合景·誉锋购物中心开业时间2014年有效期6个月项目类型综合体。成都合景·誉锋占地面积280亩，集顶级电梯豪宅、五星级酒店、超甲级写字楼、高档商场于一体，是合景泰富地产继广州合景·誉峰之后，在成都天府新城倾力打造的巅峰豪宅，也是当前成都市场最有特色、最具代表性的高层电梯豪宅项目之一。项目基本信息开发(投资)商：合景泰富地产控股有限公司项目状态：未开业所在区域：四川成都建筑面积：12万 平方米租金模式：纯租金,其他模式项目地址：四川成都城南天府新城招商需求：百货,超市,便利店,服饰,箱包鞋帽,餐饮,KTV,影院,健身会所,美容SPA,游	poi
16175553	书名中华人民共和国法律通典26卷出版社中国检察出版社语种简体中文ISBN7801854764作者法律出版日期2007年1月1日开本16定价800.00。《中华人民共和国法律通典26卷(共40册)》由最高人民检察院检察长贾春旺任总主编，最高人民检察院负责组织编辑，全国人大常委会法制工作委员会最终审定，新中国成立以来第一部打通现行各部法律关系的通典巨著！迄今为止我国最权威、全面、系统、实用的大型法律、行政法规《中华人民共和国法律通典26卷(共40册)》由最高人民检察院检察长贾春旺任总主编，最高人民检察院负责组织编辑，全国人大常委会法制工作委员会最终审定，新中国成立以来第一部打通现行各部法律关系的通典巨著！迄今为止我国最权威、全面、系统、实用的大型法律、行政法规	publication
8699304	天津市90弘艺阁天津市90弘艺阁别名90弘艺阁出生地天津市。天津市90弘艺阁是一个群众性、非赢利性的艺术团，以青年学生为主，广泛吸纳对各项艺术具有爱好和专长的人员参与，为丰富课余业余生活，培养自身素质修养，锻炼自身能力发展和个人兴趣爱好，学习丰富社会经验的团体。艺术团的性质天津市90弘艺阁艺术团是群众性的，以青年学生为主，广泛吸纳对各项艺术具有爱好和专长的人员参与，为丰富课余业余生活，锻炼自身能力发展和个人兴趣爱好，培养自身素质修养，学习丰富社会经验的团体。管理和发展的模式理念天津市90弘艺阁艺术团的经营模式较有	human
18295016	继承者们同人—体验人生作者爱吃的懒洋洋连载平台起点网是否出版否。《继承者们同人—体验人生》是爱吃的懒洋洋创作的网络小说，发表于起点网。作品简介她虽是在孤儿院长大,却智慧超群。高二时便已经自学完大学全部课业。 她本以为自己是上帝的宠儿,却没想到上帝跟她开了个天大的玩笑。 高二暑假时得了一种怪病,身上和脸上竟然出现了细细的纹线,原本不是很在意,却没想到几天后纹线居然开始开裂。 在医院检查无果	webfic
12604839	玩偶加工厂游戏游戏目标按照游戏上方的参照物设计玩偶操作指南设计装饰鼠标点击操作开始点击“开始游戏”即可。这是一款游戏画面非常精美的玩偶加工厂小游戏。按照游戏上方给出的图案，给传送带上的玩偶穿上相同的衣服和装饰，快来试试吧。游戏目标按照游戏上方的参照物设计玩偶操作指南设计装饰鼠标点击操作。根据游戏上方给出的图案，把相应的装饰拖动到玩偶的身上即可。注意不要看漏哦如何开始游戏加载完成后点击“开始游戏”即可	science
17311607	软件名称射击游戏反恐精英软件平台mobile软件版本1.0运行环境Android 2.2应用类型飞行射击类。应用介绍你想成为一个超级精英狙击手在反恐精英特种部队吗？　　你喜欢受欢迎的FPS游戏反恐精英在你的童年吗？　　这是最好的时间让你扮演一个精英狙击反恐精英。　　试图证明自己是擅长拍摄作为一个狙击手吗？　　你有许多不可思议的任务在游戏中，每个任务的目标是非常困	science
18016158	不可追求的世界作者黙语连载平台起点网。《不可追求的世界》是黙语创作的网络小说，发表于起点网。作者黙语作品简介这部小说到这里就算是结束了第一段小说生涯，但是这并不是TJ作品，请大家期待默语一年后的小说《兵锋2045》，既《不可追求的世界》第二部。  感谢这些日子以来大家的小支持，万分感激。	webfic
2046376	书名华语电影明星又名 Chinese Film Stars作者[美] 张英进、[澳大利] 胡敏娜（Mary Farquhar）译者西飏 ISBN9787301188323页数322页定价39.00出版社 北京大学出版社出版时间2011年7月1日装帧平装开本16开。《华语电影明星》是2011年北京大学出版社出版的作品，作者[美]张英进、[澳大利] 胡敏娜（Mary Farquhar），西飏译。内容简介这是第一部对华语电影明星进行个案研究的明显研究（Star Studies）著作。在《华语电影明星:表演、语境、类型》中，15位来自美国、英国、澳人利亚、中国香港等国家和地区的学者分别分析了阮玲玉、黎莉莉、赵丹、张瑞芳、仲星火、凌波、周润发、林青霞、	publication
358095	公司名称江苏亚太波纹管有限公司总部地点江苏成立时间1985年企业类型有限公司。江苏亚太波纹管有限公司建于1985年，主要从事补偿器（膨胀节）、恒力支吊架、弹簧支吊架、金属软管、非金属膨胀节的设计、开发、制造、销售及相应服务。公司简介公司荣誉本公司被评为“全面质量管理达标企业”、“国家中型企业”、“企业管理先进单位”、“用户满意产品企业”、省建行“特级信用企业”、“重合同、守信用企业”、人行南京分行“AAA企业”、“计量保证确认企业”并获得江苏省产品质量监督检验中心颁发的“检验	organization
8921748	楼盘名中海名城三期物业类别普通住宅总户数3900户容积率2.5。中海名城三期位于神仙树南路8号地图，是由中国海外发展有限公司开发的住宅小区。楼盘参数建筑年代：2005年绿化率：74%开发商：中国海外发展有限公司物业公司：中国海外发展有限公司物业费：1.2元/平米/月小区地址：神仙树南路8号地图轨道交通：暂无周边配套幼儿园：金苹果幼儿园、倍特幼儿园、妈咪家双语幼儿园、成都十一幼儿园、财大幼儿园、	poi
3355514	本名盛小丛所处时代唐朝出生时间847去世时间860主要作品突厥三台性别女。盛小丛（约847？～860？年），唐朝大中年间浙江绍兴一名妓女。李讷为浙东廉使，某夜登上城楼，听见歌声激切，于是召她前来，方知名姓。当时侍御崔元范在府幕，打算赴朝廷，李讷为之饯行，在座各赋诗相赠，小丛即写下《突厥三台》一诗。现存诗作突厥三台雁门山上雁初飞，马邑阑中马正肥。日旰山西逢驿使，殷勤南北送征衣。历史记载 盛小丛，越妓。李讷为浙东廉使，夜登城楼，闻歌声激切。召至，乃小丛也。时崔侍御元范在府幕，赴阙。李饯之，命小丛歌饯，在座各赋诗赠之。小丛有诗一首。	human
1286010	画艺拼音huà yì释义绘画技艺出处 《茅亭客话·滕处士》。画艺的拼音是huà yì。意为绘画技艺。出自《茅亭客话·滕处士》词语注音huà yì ㄏㄨㄚˋ ㄧˋ画艺词语解释绘画技艺。 宋 黄休复 《茅亭客话·滕处士》：“年八十五，书画未尝辍焉。厅壁悬一大粉板，题园中花草品格名目者百馀件，亦有远方怪草奇花，盖欲资其画艺尔。” 元 夏文彦 《图绘宝鉴续补·五代》：“ 钱侒 ……官至	literature
20106244	狂人记作者我也爱吃乐事类型玄幻、热血连载状态连载中连载平台起点中文网最新章节第十五章 初战！堕天使！(上)是否出版否。《狂人记》由作者我也爱吃乐事，在2016年9月份开始在起点中文网连载的网络小说。内容简介《狂人记》东方玄幻类小说，2016星创奖之玄幻参赛作品。梁是非，都市中沉浮的普通上班族，年轻时的他有梦想有追求有……坚持，然而这些都在日复一日的工作中磨平了，他为了钱而起床，为了职位而笑，为了活而活，他变成了自己儿时最讨厌的大人……　　然而这一切在	webfic
20547918	公司类型有限责任公司登记机关松江市监局成立时间2004年11月22日发照时间2004年11月22日。上海乾康投资有限责任公司于2004年11月22日在松江市监局登记成立。法定代表人陈忠铭，公司经营范围包括实体投资，实业投资，投资管理，企业管理，商务信息咨询服务等。企业信息	organization
9928718	比琳达·霍金是澳大利亚泳坛名将，曾参加北京奥运200米仰泳比赛。获得2011年上海世锦赛200米仰泳银牌。个人简介姓名：比琳达·霍金 Belinda Hocking性别：女国家：澳大利亚出生日期：1990年9月14日身高：165厘米体重：50kg项目：游泳澳大利亚泳坛名将，曾参加北京奥运。详细介绍征战奥运会参加北京奥运会200米仰泳比赛个人战绩2011年上海世	human
18505607	地球帝国之托莱亚的继承者作者wtks2006连载平台起点网。《地球帝国之托莱亚的继承者》是wtks2006创作的网络小说，发表于起点网。作者wtks2006作品简介没有穿越、也没有重生，更没有什么显赫的身世血统。 我只是地球帝国宇宙军对天狼星第7舰队的一个小小驾驶员。 在军神汐言故去之后，帝国的实力已经江河日下。我所驾驶的就是帝国最后的荣耀，BusterMachine6号机。 可是，尼玛，	webfic
20119476	书名：让孩子们心动的故事 播撒诚信的种子作者： 燕子 责编：李广鑫I S B N：978-7-5603-5397-5 定价：16.80出版日期：2016-1-1 开本：大32所属丛书： 页数：160图书分类：O.科普类 中图分类：I文学【内容简介】是妈妈群	publication
13534225	我意乾坤作者易十七小说进度连载连载网站云中书城。小说类型东方玄幻内容简介生时自染乾坤泪,命中注定蓬蒿人。 剑成本杀他山客,误入阴阳度仙尘。 一道一佛亦为魔,功成缘何多损折?青灯无意伴长卷,游神化虚动乾坤。 此声飞花亦非雾,亘古一旦凭意成……	webfic
17902667	文娱帝王作者鲨鱼嘴类型网络小说连载平台起点网。《文娱帝王》是鲨鱼嘴创作的网络小说，发表于起点网。作品简介天才记者，重生平行世界. 用自己的双手，抒写出一段段属于他的传奇！ 用精湛的演技，演绎出了他的影视之路！ 他是世界顶尖的文学大家，他是影视圈最具有票房号召力的演员！ 他导演出一部又一部传世之作，他是一届又一届诺贝尔文学奖的得主！ 他被世界女人公认为	webfic
9005177	书名授粉昆虫与授粉增产技术作者吴杰出版社中国农业出版社出版时间2004-01-01。《授粉昆虫与授粉增产技术》是2004-01-01中国农业出版社出版图书，作者是吴杰。基本信息作　者：吴杰编 丛 书 名：科技兴农奔小康丛书出 版 社：中国农业出版社ISBN：9787109087026出版时间：2004-01-01版　次：1页　数：204装　帧：平装开　本：32开所属分类：图书 > 科技 > 畜牧业、养殖业内容简介《授粉昆	publication
21917873	审结日期2017年1月23日审理法院湖北省武汉市蔡甸区人民法院文件类型裁定书审理程序其他。武汉和信物业管理有限公司、林雅婷其他案是2017年1月23日在湖北省武汉市蔡甸区人民法院审理的案件。案由行政、行政管理范围、行政作为、公安、其他权责关键词民商事、权责情节、代理、委托代理、诉讼关键词、临时性救济和保障程序、财产保全、执行、冻结案例原文湖北省武汉市蔡甸区人民法院民事裁定书申请人：武汉和信物业管理有限公司。法定代表人：李晓山。委托代理人：马剑	society
2382463	李占杰西安碑林童颜堂医院医生。医生简介姓 名：李占杰性 别：男医师级别：执业医师执业类别：临床执业地点：陕西省执业证书编码：110610103002167主要执业机构：西安碑林童颜堂医院执业范围：外科专业执业地点西安碑林童颜堂医院	human
14916874	 Los Angeles地理位置洛杉矶东部酒店星级1星级。洛杉矶皮科里韦拉东美洲最佳价值酒店位于洛杉矶，是家1星级酒店。简介酒店配有游泳池。在洛杉矶皮科里韦拉东美洲最佳价值酒店，您可在餐厅享用到传统的洛杉矶美食。酒店为您提供免费的停车服务。酒店提供儿童设施，残疾人服务等。酒店地址7222 Rosemead Blvd., 东洛杉矶, 洛杉矶（CA）, 美国 90660房型及房	poi
21174591	公司类型有限责任公司登记机关武汉市新洲区市场监督管理局成立时间2008年05月29日发照时间2015年06月24日。武汉新鹏莱置业有限公司于2008年05月29日在武汉市新洲区市场监督管理局登记成立。法定代表人官志佑，公司经营范围包括房地产开发，商品房销售。等。企业信息	organization
18011370	郑凯木，现任漳州市国土资源局副局长。任免2015年7月6日，漳州市政府发布人事任免，经研究决定：郑凯木任漳州市国土资源局副局长。	human
13242680	传媒世界作者强行突破小说进度连载连载网站起点中文网。《传媒世界》是起点中文网连载的网络小说，作者是强行突破。小说类型都市小说内容简介一个有故事的人 经历过纸醉金迷的生活后 锒铛入狱 在回归社会后如何奋斗挣扎 如何拒绝金钱美女毒品的诱惑 步入一个白领平淡生活的故事……	webfic
2020200	门前垸村行政区类别村所属地区湖北省麻城市张家畈镇人口3000人。门前垸村，湖北省麻城市张家畈镇行政村（原张家畈镇下设黄市办事处辖管一村）。地处地处大别山中段南麓，龟峰山风景区东麓，毗邻龟尾。人口约3000人。位于张家畈镇北部，距镇政府约5公里。紧邻湖北省203省道。地势复杂，农业以种植水稻、小麦、油菜、花生、大豆、芝麻历史遗迹及景点什子山寨“蕲黄四十八寨”之一。位于张家畈李家山、林峰、门前垸之间。山以10座形状象人的山而得名。宋端平间，麻城县治曾迁于此，后废。明代邑人避战乱，在此结寨而居。寨在主峰，用石头建造，名曰“什子山寨”。什子山主峰海拔1038米，西、北两方山势壁	poi
19946643	龙晓艳民族藏族逝世日期1991年10月政治面貌中共党员。龙晓艳，女，藏族，中共党员，1991年10月生，大学学历，现任晴朗乡知尔村“第一书记”、县委组织部信息中心主任，2016年3月任现职，2013年8月任现级。拟任晴朗乡组织委员。	human
20374253	特雷特亚科夫，是一名乌克兰职业足球运动员，司职中场。现在效力于乌克兰足球超级联赛的敖德萨黑海人足球俱乐部。	human
13042052	圣路易斯汀唐安娜作者MM5549小说进度连载连载网站红袖添香网。《圣路易斯汀唐安娜》是在红袖添香网连载的小说，作者是MM5549。小说类型言情小说内容简介圣路易斯汀.唐安娜的身世一直是个迷,从小一直被父亲寄养在亲戚那里。在安娜十二岁生日那年,传闻父亲由于车祸永远离开了人世,但是有人却说,曾经看见她的父亲在大坂地某个地铁站里,做着拾荒者的工作,谣言很多,但是安娜却一直生活在对父亲的空想	webfic
2273299	附生杜鹃拼音fù shēng dù juān 学名Rhododendron dendricola Hutch. (1919)界植物界亚界绿色植物亚界总门轮藻总门门木贼门（有胚植物门）亚门木贼亚门（维管植物亚门）纲木兰纲（被子植物纲）亚纲蔷薇亚纲超目菊超目目杜鹃花目科杜鹃花科属杜鹃花属种附生杜鹃。附生杜鹃（学名：Rhododendron dendricola Hutch.）：灌木，高1-3.5米，有时附生。幼枝绿色，细长，疏被褐色或褐红色腺鳞，老枝灰色，鳞片渐脱落。叶聚生枝条上部，大小不一，长圆状椭圆形或倒卵状椭圆形，上面疏生褐色鳞片，下面粉绿色，形态特征附生杜鹃是灌木，高1-3.5米，有时附生。幼枝绿色，细长，疏被褐色或褐红色腺鳞，老枝灰色，鳞片渐脱落。叶聚生枝条上部，大小不一，长圆状椭圆形或倒卵状椭圆形，长7-12厘米，宽2-4.5厘米，顶端钝，突尖，或有时锐尖，基部渐狭，有时稍钝圆，上面疏生褐	nature
11033984	1927年，瑞士著名儿童心理学家皮亚杰(JeanPlaget)领导的一个小组开始进行儿童认知过程的研究，并取得了杰出成果。皮亚杰认为不同年龄有不同层次的语言学习的认知能力(1955)，大量的实验结果揭示了从出生婴儿到青年初期认知发展的具体过程，并细分为感觉	other
12083286	书名带你走上境外上市的成功之路作者刘李胜ISBN9787514110074页数499定价108.00元出版社经济科学出版社出版时间2012-3。《带你走上境外上市的成功之路》是2013年3月经济科学出版社出版的图书，作者是刘李胜。内容简介《带你走上境外上市的成功之路:著名境内外上市专家刘李胜讲堂实录》对企业境外上市的策略、路径和作业进行了深透的解析，毫无保留地透露了上市过程中的奥妙和诀窍，涵盖公司战略、财务、法律、金融、资本市场以及公共关系等各个方面。读者能在最短的时间内，全面系统	publication
22799677	公司性质有限责任公司成立时间2018年06月12日登记机关深圳市市场监督管理局。深圳市小鹿区块链有限公司于2018年06月12日成立。法定代表人邓旭,公司经营范围包括：信息技术、计算机软硬件及周边设备、区块链领域内的技术开发、技术咨询、技术转让、技术服务；投资兴办实业（具体项目另行申报）；企业管理咨询（不含人才中介服务）；网络系统、通	organization
14427233	盛夏那年作者莫家小四小说进度连载连载网站17k小说网。《盛夏那年》是莫家小四的一部网络小说，连载于17k小说网网站。小说类型青春校园内容简介叶离想安安稳稳的度过四年大学时光,谈一场轰轰烈烈的爱情,有几个知心朋友就够了,可是一次又一次都脱离的自己轨道。 古小米,以为是电影里的爱情故事却在她的爱情里发生了:陈晓然你就是一个人渣,你不想和我在一起你就说,我不会抱着你的大腿乞求	webfic
16198544	峨眉山—乐山大佛风景名胜区管委会2013年度信息公开工作年度报告。峨眉山—乐山大佛风景名胜区管委会2013年度信息公开工作年度报告（以下简称年报），根据《中华人民共和国政府信息公开条例》（以下简称条例）和《四川省贯彻〈中华人民共和国政府信息公开条例〉实施办法（实行）》（川府发〔2008〕33号）（以下简称《实施办法》）规一、概 述2013年，峨眉山—乐山大佛风景名胜区管委会信息公开工作在市委、市政府的领导和有关部门的指导下，认真按照有关规定，主要做了以下工作：（一）坚持学习培训坚持将学习《条例》纳入《管委会干部职工2013年度培训学习计划》，并邀请相关方面专家到委授课。同	society
2143223	乐天游L-3000（8GB）屏幕尺寸：4.3英寸 480×272像素存储容量：8GB 闪存产品类型：高清视频MP4。重要参数产品类型：高清视频MP4存储容量：8GB 闪存屏幕尺寸：4.3英寸 480×272像素视频格式：支持RMVB，RM，AVI，VOB，DAT，M...电子书阅览：支持FM功能：支持扩展卡：支持MicroSD（TF）卡图片浏览格式：支持JPG格式音乐格	goods
22673692	即机关专用邮票，又称部院邮票。	other
17297028	软件名称Catch Pigs软件平台mobile软件版本1.2.0运行环境Android 2.2应用类型休闲益智类。应用介绍ブレーンストーミングゲームいたずらな豚 家に行きたい\黒\豚、白豚、斑点のる豚がります\黒\豚の嘘は白豚です。白豚の嘘は\黒\豚です。间违った方向は言った斑点を付けられた豚は正直です。ゲームプレー：豚を捕まえて牧场に返してげて\黒\豚-> \黒\牧	science
